#Type	Kind	Base	Namespace	Path	Gate	Summary
AbstractStateContext	class	MonoBehaviour	SombraStudios.Shared.Examples.Patterns.Behavioural.State	Examples/Patterns/Behavioural/State/AbstractStateContext.cs	-	Context stores a reference to one of the concrete state objects and delegates to it all state-specific work
ActionExample	class	MonoBehaviour	SombraStudios.Shared.Examples.Delegates	Examples/Delegates/ActionExample.cs	-	Action is a void return value Delegate
AdsInitializer	class	MonoBehaviour	SombraStudios.Shared.Services.Advertisement	Services/Advertisement/AdsInitializer.cs	UNITY_ADVERTISEMENTS	Class for initializing the Advertisement API
AlwaysFalseConditionSO	class	ConditionSO	SombraStudios.Shared.ScriptableObjects.Conditions	ScriptableObjects/Conditions/AlwaysFalseConditionSO.cs	-	Represents a condition that is always evaluated as
AlwaysTrueConditionSO	class	ConditionSO	SombraStudios.Shared.ScriptableObjects.Conditions	ScriptableObjects/Conditions/AlwaysTrueConditionSO.cs	-	Represents a condition that is always evaluated as
AmmoReloadSystem	class	MonoBehaviour	SombraStudios.Shared.Systems	Systems/AmmoReloadSystem.cs	-	Manages the state of the reloading system
AndConditionSO	class	ConditionSO	SombraStudios.Shared.ScriptableObjects.Conditions	ScriptableObjects/Conditions/AndConditionSO.cs	-	Represents a composite condition that evaluates to if all contained conditions are valid
AndroidPhone	class	IUsbPhone	SombraStudios.Shared.Examples.Patterns.Structural.Adapter.Object	Examples/Patterns/Structural/Adapter/Object/AndroidPhone.cs	-	-
AnimationController	class	MonoBehaviour	SombraStudios.Shared.Animations	Animations/AnimationController.cs	-	Controls Animation component giving extra utility methods
AnimationCurveValueSO	class	ScriptableObject	SombraStudios.Shared.Utility	Utility/AnimationCurveValueSO.cs	-	Scriptable object to use Animation Curves as values
AnimationEvent	struct	-	SombraStudios.Shared.Animations.StateEvents	Animations/StateEvents/Structs/AnimationEvent.cs	-	Struct representing an animation event
AnimationEventBehaviourData	class	-	SombraStudios.Shared.Animations.StateEvents	Animations/StateEvents/StateMachineBehaviour/AnimationStateEventBehaviour.cs	-	Data class for animation event behaviour
AnimationEventData	struct	-	SombraStudios.Shared.Animations.StateEvents	Animations/StateEvents/Structs/AnimationEventData.cs	-	Struct representing the data associated with an animation event
AnimationStateEnterEventBehaviour	class	StateMachineBehaviour	SombraStudios.Shared.Animations.StateEvents	Animations/StateEvents/StateMachineBehaviour/AnimationStateEnterEventBehaviour.cs	-	Calls the 'OnAnimationStateBegan' function on any supported component when the target animation begins
AnimationStateEventBehaviour	class	StateMachineBehaviour	SombraStudios.Shared.Animations.StateEvents	Animations/StateEvents/StateMachineBehaviour/AnimationStateEventBehaviour.cs	-	StateMachineBehaviour that handles animation state events
AnimationStateEventsReceiver	class	MonoBehaviour	SombraStudios.Shared.Animations.StateEvents	Animations/StateEvents/AnimationStateEventsReceiver.cs	-	Receives and handles animation state events
AnimationStateExitEventBehaviour	class	StateMachineBehaviour	SombraStudios.Shared.Animations.StateEvents	Animations/StateEvents/StateMachineBehaviour/AnimationStateExitEventBehaviour.cs	-	Calls the 'OnAnimationStateExited' function on any supported component when the target animation exits
AnimatorController	class	MonoBehaviour	SombraStudios.Shared.Animations	Animations/AnimatorController.cs	-	Helper class for working with Unity's Animator component
AnimatorParameterReferenceGenerator	class	-	SombraStudios.Shared.Animations.AnimatorParameterReference.Editor	Animations/AnimatorParameterReference/Editor/AnimatorParameterReferenceGenerator.cs	UNITY_EDITOR	Utility class for generating parameter reference assets for an AnimatorController
AnimatorParameterReferenceSO	class	ScriptableObject	SombraStudios.Shared.Animations.AnimatorParameterReference	Animations/AnimatorParameterReference/AnimatorParameterReferenceSO.cs	-	-
AnimatorParameterReferenceSOEditor	class	Editor	SombraStudios.Shared.Animations.AnimatorParameterReference.Editor	Animations/AnimatorParameterReference/Editor/AnimatorParameterReferenceSOEditor.cs	UNITY_EDITOR	Custom editor for the AnimatorParameterReferenceSO ScriptableObject
AnimatorStateObjectPreview	class	ObjectPreview	SombraStudios.Shared.Animations.Editor	Animations/Editor/AnimatorStateObjectPreview.cs	UNITY_EDITOR	Provides a custom preview for AnimatorState objects in the Unity Editor
APIHelper	class	-	SombraStudios.Shared.Services.WebAPI	Services/WebAPI/APIHelper.cs	-	Example API Get call
ApplePhone	class	ILightningPhone	SombraStudios.Shared.Examples.Patterns.Structural.Adapter.Object	Examples/Patterns/Structural/Adapter/Object/ApplePhone.cs	-	-
AssetFile<T>	class	Object	SombraStudios.Shared.Utility.Resources	Utility/Resources/AssetFile.cs	-	-
AssetOnlyAttribute	class	PropertyAttribute	SombraStudios.Shared.Attributes	Attributes/AssetOnlyAttribute.cs	-	Attribute used to mark a property as editable only within assets, not with scene objects
AssetOnlyDrawer	class	PropertyDrawer	SombraStudios.Shared.Attributes.Editor	Attributes/Editor/AssetOnlyDrawer.cs	UNITY_EDITOR	Custom property drawer for the AssetOnlyAttribute
AssetSearchWindow<T>	class	SearchWindow	SombraStudios.Shared.Tools.Search.AssetOrComponent	Tools/Search/AssetOrComponent/Base/AssetSearchWindow.cs	-	Abstract class for creating a custom Editor window to search for assets of type T
AttachGameObjectsToParticles	class	MonoBehaviour	SombraStudios.Shared.VFX	VFX/AttachGameObjectsToParticles.cs	-	-
AttackModes	enum	-	StyleSheet	CodeStyle.cs	-	-
AudioEventActionSO	class	RaiseEventActionSO	SombraStudios.Shared.Systems.Events	Systems/Events/EventActions/AudioEventActionSO.cs	-	-
AudioStrategy	class	StrategySO	SombraStudios.Shared.Audio.Strategies	Audio/Strategies/AudioStrategy.cs	-	-
AudioVolumeConfigurator	class	MonoBehaviour	SombraStudios.Shared.Audio	Audio/AudioVolumeConfigurator.cs	-	Singleton Class to manage AudioMixer volumes
AutoAimBehaviourController	class	MonoBehaviour	SombraStudios.Shared.Gameplay.Behaviours.Aim	Gameplay/Behaviours/Aim/AutoAimBehaviourController.cs	-	Controls the auto-aim behaviour of a game object
AutoAimBehaviourSO	class	ScriptableObject	SombraStudios.Shared.Gameplay.Behaviours.Aim	Gameplay/Behaviours/Aim/AutoAimBehaviourSO.cs	-	Settings for the auto-aim behaviour
AutoForceController	class	MonoBehaviour	SombraStudios.Shared.Gameplay.Behaviours.AutoForce	Gameplay/Behaviours/AutoForce/AutoForceController.cs	-	Controls the automatic application of force to a Rigidbody based on the provided settings
AutoForceSO	class	ScriptableObject	SombraStudios.Shared.Gameplay.Behaviours.AutoForce	Gameplay/Behaviours/AutoForce/AutoForceSO.cs	-	Settings for automatic force application
AutoMove	class	MonoBehaviour	SombraStudios.Shared.Gameplay.Movement2D	Gameplay/Movement2D/AutoMove.cs	-	Constant movement the direction selected
AutoMoveController	class	MonoBehaviour	SombraStudios.Shared.Gameplay.Behaviours.AutoMove	Gameplay/Behaviours/AutoMove/AutoMoveController.cs	-	Controls the automatic movement of a GameObject based on the provided settings
AutoMoveSO	class	ScriptableObject	SombraStudios.Shared.Gameplay.Behaviours.AutoMove	Gameplay/Behaviours/AutoMove/AutoMoveSO.cs	-	Settings for automatic movement of a GameObject
AutoRotate	class	MonoBehaviour	SombraStudios.Shared.Gameplay.Movement2D	Gameplay/Movement2D/AutoRotate.cs	-	Constant rotate in the speed selected
AutoRotateController	class	MonoBehaviour	SombraStudios.Shared.Gameplay.Behaviours.AutoRotate	Gameplay/Behaviours/AutoRotate/AutoRotateController.cs	-	Controls the automatic rotation of a GameObject based on the provided settings
AutoRotateSO	class	ScriptableObject	SombraStudios.Shared.Gameplay.Behaviours.AutoRotate	Gameplay/Behaviours/AutoRotate/AutoRotateSO.cs	-	Settings for automatic rotation of a GameObject
AutoSocketAttach	class	MonoBehaviour	SombraStudios.Shared.XR	XR/AutoSocketAttach.cs	UNITY_XR_INTERACTION_TOOLKIT	Initializes an XRSocketInteractor attach point to match the initial scene position of the object it is containing
AutoTorqueController	class	MonoBehaviour	SombraStudios.Shared.Gameplay.Behaviours.AutoTorque	Gameplay/Behaviours/AutoTorque/AutoTorqueController.cs	-	Controls the automatic application of torque to a Rigidbody based on the provided settings
AutoTorqueSO	class	ScriptableObject	SombraStudios.Shared.Gameplay.Behaviours.AutoTorque	Gameplay/Behaviours/AutoTorque/AutoTorqueSO.cs	-	Settings for automatic torque application
Axis	enum	-	SombraStudios.Shared.Enums	Enums/Axis.cs	-	Enum representing the three primary axes in 3D space
BannerAdExample	class	MonoBehaviour	SombraStudios.Shared.Services.Advertisement	Services/Advertisement/BannerAdExample.cs	UNITY_ADVERTISEMENTS	Class for banner advertisement
BaseObjectPool<T>	class	MonoBehaviour	SombraStudios.Shared.Patterns.Creational.ObjectPool	Patterns/Creational/ObjectPool/BaseObjectPool.cs	-	Base class for implementing an object pool for components
BaseState	class	IState	SombraStudios.Shared.Patterns.Behavioural.FiniteStateMachine	Patterns/Behavioural/FiniteStateMachine/BaseState.cs	-	Base class for a state in a state machine
BaseVFXController	class	MonoBehaviour	SombraStudios.Shared.VFX.PropertySO	VFX/PropertySO/BaseVFXController.cs	-	-
BoolEventChannelListener	class	GenericEventChannelListener	SombraStudios.Shared.Patterns.Behavioural.Observer.ScriptableObjects	Patterns/Behavioural/Observer/ScriptableObjects/Listeners/Implementations/BoolEventChannelListener.cs	-	A listener class for boolean event channels
BoolEventChannelListListener	class	GenericEventChannelListListener	SombraStudios.Shared.Patterns.Behavioural.Observer.ScriptableObjects	Patterns/Behavioural/Observer/ScriptableObjects/Listeners/Implementations/BoolEventChannelListListener.cs	-	A listener class for boolean event channels
BoolEventChannelSO	class	GenericEventChannelSO	SombraStudios.Shared.Patterns.Behavioural.Observer.ScriptableObjects	Patterns/Behavioural/Observer/ScriptableObjects/EventChannels/BoolEventChannelSO.cs	-	ScriptableObject event channel for events with a boolean parameter
BoolEventChannelSOEditor	class	GenericEventChannelSOEditor	SombraStudios.Shared.Patterns.Behavioural.Observer.ScriptableObjects.Editor	Patterns/Behavioural/Observer/ScriptableObjects/Editor/BoolEventChannelSOEditor.cs	-	This event channel broadcasts and carries boolean payload
BoolStat	class	Stat	SombraStudios.Shared.Systems.Stats	Systems/Stats/StatTypes/BoolStat.cs	-	Represents a boolean stat
Bootstrapper	class	MonoBehaviour	SombraStudios.Shared.Patterns.InversionOfControl.ServiceLocator	Patterns/InversionOfControl/ServiceLocator/Bootstrapper.cs	-	-
BreadthFirstSearch	class	MonoBehaviour	SombraStudios.Shared.Examples.Graphs	Examples/Graphs/BreadthFirstSearch.cs	-	-
Breakable	class	MonoBehaviour	SombraStudios.Shared.Physics	Physics/Breakable.cs	-	Detects a collision with a tagged collider, replacing this object with a 'broken' version
Breakable.BreakEvent	class	UnityEvent	SombraStudios.Shared.Physics	Physics/Breakable.cs	-	-
CameraShakeDataSO	class	ScriptableObject	SombraStudios.Shared.VFX.CameraShake	VFX/CameraShake/CameraShakeDataSO.cs	DOTWEEN	Store Shake Data to be used with DoTween DOShakePosition method
CameraShakeStrategy	class	StrategySO	SombraStudios.Shared.VFX.CameraShake	VFX/CameraShake/CameraShakeStrategy.cs	DOTWEEN	Scriptable object for a main camera shake effect which can be of Position and/or Rotation
CCCanvas	class	MonoBehaviour	SombraStudios.Shared.Systems.CloseCaptions	Systems/CloseCaptions/CCCanvas.cs	-	-
CCDatabaseSO	class	ScriptableObject	SombraStudios.Shared.Systems.CloseCaptions	Systems/CloseCaptions/CCDatabaseSO.cs	-	Closed Caption Database is an asset that map given AudioClip to a list of lines and time used by the CCManager
CCDatabaseSO.Entry	class	-	SombraStudios.Shared.Systems.CloseCaptions	Systems/CloseCaptions/CCDatabaseSO.cs	-	-
CCDatabaseSO.Timestamp	class	-	SombraStudios.Shared.Systems.CloseCaptions	Systems/CloseCaptions/CCDatabaseSO.cs	-	-
CCManager	class	MonoBehaviour	SombraStudios.Shared.Systems.CloseCaptions	Systems/CloseCaptions/CCManager.cs	-	The CCManager will track each CCSource in the scene and hide/display/align them based on the view direction and distance
CCSource	class	MonoBehaviour	SombraStudios.Shared.Systems.CloseCaptions	Systems/CloseCaptions/CCSource.cs	-	If an object with an AudioSource have a CCSource, it will be tracked by the CCManager and its current playing clip will be lookup on the...
CharacterController2D	class	MonoBehaviour	SombraStudios.Shared.Gameplay.PlayerController	Gameplay/Player Controller/CharacterController2D.cs	-	Supports: Move, Jump, Crouch, OnLanding, OnCrouching and Flip
CharacterController2D.BoolEvent	class	UnityEvent	SombraStudios.Shared.Gameplay.PlayerController	Gameplay/Player Controller/CharacterController2D.cs	-	-
CharacterController3D	class	MonoBehaviour	SombraStudios.Shared.Gameplay.PlayerController	Gameplay/Player Controller/CharacterController3D.cs	-	Third Person Character Controller Class Required: Cinemachine
CharacterControllerFootstepController	class	FootstepController	SombraStudios.Shared.Audio.Footsteps	Audio/Footsteps/CharacterControllerFootstepController.cs	-	Select an audio clip list with the CharacterController floor hit
ChargeBehaviour	class	MonoBehaviour	SombraStudios.Shared.Gameplay.Behaviours.Charge	Gameplay/Behaviours/Charge/ChargeBehaviour.cs	-	Manages a charging behavior with customizable parameters such as time-based charging, maximum charges, and automatic discharge
ChargeBehaviourResult	struct	-	SombraStudios.Shared.Gameplay.Behaviours.Charge	Gameplay/Behaviours/Charge/ChargeBehaviour.cs	-	Result structure indicating the success of a charge behavior operation along with charge information
ChargeBehaviourSO	class	ScriptableObject	SombraStudios.Shared.Gameplay.Behaviours.Charge	Gameplay/Behaviours/Charge/ChargeBehaviourSO.cs	-	Holds data for configuring charging behavior, including parameters for time-based charging, maximum charges, automatic discharge, and tim...
ChargeThrow	class	MonoBehaviour	SombraStudios.Shared.Gameplay.Drag	Gameplay/Drag/ChargeThrow.cs	-	Class to drag and throw and object with the mouse over the Z Camera axis
CheckMethod	enum	-	SombraStudios.Shared.Scenes	Scenes/ScenePartLoader.cs	-	-
CheckpointActionSO	class	EventActionSO	SombraStudios.Shared.Systems.Events	Systems/Events/EventActions/CheckpointActionSO.cs	-	-
ClassAdapter	class	MonoBehaviour	SombraStudios.Shared.Examples.Patterns.Structural.Adapter.Class	Examples/Patterns/Structural/Adapter/Class/ClassAdapter.cs	-	Converts the interface of one object so that another object can understand it
ClearRuntimeSetsOnExit	class	-	SombraStudios.Shared.ScriptableObjects.RuntimeSets.Editor	ScriptableObjects/RuntimeSets/Editor/ClearRuntimeSetsOnExit.cs	-	This class locates all of the GameObjectRuntimeSetSO objects in the project and clears their lists when exiting play mode
CodeStyle	class	MonoBehaviour	StyleSheet	CodeStyle.cs	-	-
CodeStyle.CustomEventArgs	struct	-	StyleSheet	CodeStyle.cs	-	-
CollisionEventHandler	class	CollisionEventHandlerBase	SombraStudios.Shared.Physics.Events	Physics/Events/CollisionEventHandler.cs	-	Handles 3D collision events when at least one involved object has a non-kinematic Rigidbody and both have Colliders with IsTrigger disabled
CollisionEventHandler2D	class	CollisionEventHandlerBase	SombraStudios.Shared.Physics.Events	Physics/Events/CollisionEventHandler2D.cs	-	Handles 3D collision events when at least one involved object has a non-kinematic Rigidbody and both have Colliders with IsTrigger disabled
CollisionEventHandlerBase<T>	class	PhysicsEventHandlerBase	SombraStudios.Shared.Physics.Events	Physics/Events/CollisionEventHandlerBase.cs	-	Base class for handling physics collision events
CollisionThresholdType	enum	-	SombraStudios.Shared.Physics.Events	Physics/Events/CollisionThresholdType.cs	-	Types of collision threshold to trigger events
CommandManager	class	MonoBehaviour	SombraStudios.Shared.Patterns.Behavioural.Command	Patterns/Behavioural/Command/CommandManager.cs	-	-
CommandSO	class	ScriptableObject	SombraStudios.Shared.Patterns.Behavioural.Command	Patterns/Behavioural/Command/CommandSO.cs	-	Abstract base class for command ScriptableObjects
CommandSO<T>	class	ScriptableObject	SombraStudios.Shared.Patterns.Behavioural.Command	Patterns/Behavioural/Command/CommandSO.cs	-	Abstract base class for parameterized command ScriptableObjects
ComponentDestroyer	class	MonoBehaviour	SombraStudios.Shared.Utility.Destroyer	Utility/Destroyer/ComponentDestroyer.cs	-	Destroys on Awake the scripts specified depending on platform scripting symbols like UNITY_EDITOR, UNITY_STANDALONE, UNITY_ANDROID, etc
ComponentSearchWindow<T>	class	SearchWindow	SombraStudios.Shared.Tools.Search.AssetOrComponent	Tools/Search/AssetOrComponent/Base/ComponentSearchWindow.cs	-	Abstract class for creating a custom Editor window to search for components of type T
CompositeConditionSO	class	ConditionSO	SombraStudios.Shared.ScriptableObjects.Conditions	ScriptableObjects/Conditions/CompositeConditionSO.cs	-	Abstract base class for composite condition ScriptableObjects
CompositeConditionSO<T>	class	ConditionSO	SombraStudios.Shared.ScriptableObjects.Conditions	ScriptableObjects/Conditions/CompositeConditionSO.cs	-	Abstract base class for composite condition ScriptableObjects with a parameterized type
CompositeVFXPropertySO	class	VFXPropertySO	SombraStudios.Shared.VFX.PropertySO	VFX/PropertySO/CompositeVFXPropertySO.cs	-	-
ConcreteDamageStrategyA	class	IDamageStrategy	SombraStudios.Shared.Examples.Patterns.Behavioural.Strategy	Examples/Patterns/Behavioural/Strategy/ConcreteDamageStrategyA.cs	-	Concrete Strategies implement different variations of an algorithm the context uses
ConcreteDamageStrategyB	class	IDamageStrategy	SombraStudios.Shared.Examples.Patterns.Behavioural.Strategy	Examples/Patterns/Behavioural/Strategy/ConcreteDamageStrategyB.cs	-	Concrete Strategies implement different variations of an algorithm the context uses
ConcreteStateA	class	State	SombraStudios.Shared.Examples.Patterns.Behavioural.State	Examples/Patterns/Behavioural/State/ConcreteStateA.cs	-	Concrete States provide their own implementations for the state-specific methods
ConcreteStateB	class	State	SombraStudios.Shared.Examples.Patterns.Behavioural.State	Examples/Patterns/Behavioural/State/ConcreteStateB.cs	-	Concrete States provide their own implementations for the state-specific methods
ConditionalStrategySO	class	StrategySO	SombraStudios.Shared.ScriptableObjects.Conditions	ScriptableObjects/Conditions/ConditionalStrategySO.cs	-	A strategy that executes different actions based on whether a specified condition is met
ConditionalStrategySO<T>	class	StrategySO	SombraStudios.Shared.ScriptableObjects.Conditions	ScriptableObjects/Conditions/ConditionalStrategySO.cs	-	A strategy that executes different actions based on whether a specified condition is met
ConditionChecker	class	MonoBehaviour	SombraStudios.Shared.ScriptableObjects.Conditions	ScriptableObjects/Conditions/ConditionChecker.cs	-	Listens to a ConditionSO and invokes UnityEvents based on its validity
ConditionSO	class	ConditionSO	SombraStudios.Shared.ScriptableObjects.Conditions	ScriptableObjects/Conditions/ConditionSO.cs	-	Abstract base class for condition ScriptableObjects without a parameterized type
ConditionSO<T>	class	ScriptableObject	SombraStudios.Shared.ScriptableObjects.Conditions	ScriptableObjects/Conditions/ConditionSO.cs	-	Abstract base class for condition ScriptableObjects with a parameterized type
ConnectionApproval	class	MonoBehaviour	SombraStudios.Shared.Networking.Netcode	Networking/Netcode/ConnectionApproval.cs	REQUIRES_EXTERNAL_PACKAGE	Approval check using a string room password
ConstrainToBounds	class	MonoBehaviour	SombraStudios.Shared.Gameplay.PlayerMovement3D	Gameplay/PlayerMovement3D/ConstrainToBounds.cs	-	Constrain movement delimited by a box Collider NOTE: Don`t work with CharacterController movement
Cooldown	class	MonoBehaviour	SombraStudios.Shared.Utility.Cooldown	Utility/Cooldown/Cooldown.cs	-	It can be used as a waiting period between using specific actions in a game/app, ensuring they can't be spammed and adding strategic dept...
CoroutineManager	class	PersistentSingleton	SombraStudios.Shared.Utility.Coroutines	Utility/Coroutines/CoroutineManager.cs	-	Scene persistent Singleton MonoBehaviour to run Coroutines
CoroutineRunner	class	-	SombraStudios.Shared.Utility.Coroutines	Utility/Coroutines/CoroutineRunner.cs	-	Unity Coroutine runner that allows game object decoupled, scene persistent and single or multi coroutine execution
CoroutineUtils	class	-	SombraStudios.Shared.Utility.Coroutines	Utility/Coroutines/CoroutineUtils.cs	-	-
CountdownTimer	class	Timer	SombraStudios.Shared.Utility.Timers.Core	Utility/Timers/Core/CountdownTimer.cs	-	Timer that counts down from a specific value to zero
CursorHotSpot	class	MonoBehaviour	SombraStudios.Shared.UI	UI/CursorHotSpot.cs	-	Simple script to set the hot Spot and textture of a Cursor
CursorHotSpot.HotSpotPosition	enum	-	SombraStudios.Shared.UI	UI/CursorHotSpot.cs	-	-
DamageData	class	-	SombraStudios.Shared.Systems.Damage	Systems/Damage/DamageData.cs	-	-
DamageStrategyClient	class	MonoBehaviour	SombraStudios.Shared.Examples.Patterns.Behavioural.Strategy	Examples/Patterns/Behavioural/Strategy/DamageStrategyClient.cs	-	The Client creates a specific strategy object and passes it to the context
DamageStrategyContext	class	MonoBehaviour	SombraStudios.Shared.Examples.Patterns.Behavioural.Strategy	Examples/Patterns/Behavioural/Strategy/DamageStrategyContext.cs	-	The Context maintains a reference to one of the concrete strategies and communicates with this object only via the strategy interface
DebugLogPanel	class	MonoBehaviour	SombraStudios.Shared.Utility	Utility/DebugLogPanel.cs	-	Util class to show log messages in a UI text component
DecreasePitchOverTime	class	MonoBehaviour	SombraStudios.Shared.Audio	Audio/DecreasePitchOverTime.cs	-	This script sets the pitch of the audio at the start, and then gradually turns it down to a desire value as time passes
DelegateEventExample	class	MonoBehaviour	SombraStudios.Shared.Examples.Delegates	Examples/Delegates/DelegateEventExample.cs	-	Example Class using delegate and event
DelegateEventExample.ChangeRandomColor	delegate	-	SombraStudios.Shared.Examples.Delegates	Examples/Delegates/DelegateEventExample.cs	-	-
DelegateExample	class	MonoBehaviour	SombraStudios.Shared.Examples.Delegates	Examples/Delegates/DelegateExample.cs	-	Store a function in a variable with Delegate
DependenciesCollection	class	IEnumerable	SombraStudios.Shared.Patterns.InversionOfControl.DependencyInjection	Patterns/InversionOfControl/DependencyInjection/DependenciesCollection.cs	-	Collection of dependencies used by the DependenciesProvider
DependenciesContext	class	MonoBehaviour	SombraStudios.Shared.Patterns.InversionOfControl.DependencyInjection	Patterns/InversionOfControl/DependencyInjection/DependenciesContext.cs	-	Acts as a container of dependencies
DependenciesProvider	class	-	SombraStudios.Shared.Patterns.InversionOfControl.DependencyInjection	Patterns/InversionOfControl/DependencyInjection/DependenciesProvider.cs	-	Provides dependency injection functionality for creating and managing objects
Dependency	struct	-	SombraStudios.Shared.Patterns.InversionOfControl.DependencyInjection	Patterns/InversionOfControl/DependencyInjection/Dependency.cs	-	Represents a dependency to be injected into classes
DependencyFactory	class	-	SombraStudios.Shared.Patterns.InversionOfControl.DependencyInjection	Patterns/InversionOfControl/DependencyInjection/DependencyFactory.cs	-	Factory class for creating instances using dependency injection
DependencyFactory.Delegate	delegate	-	SombraStudios.Shared.Patterns.InversionOfControl.DependencyInjection	Patterns/InversionOfControl/DependencyInjection/DependencyFactory.cs	-	Delegate representing a function that creates an object with dependencies
DepthFirstSearch	class	MonoBehaviour	SombraStudios.Shared.Examples.Graphs	Examples/Graphs/DepthFirstSearch.cs	-	Implements the Depth-First Search (DFS) algorithm for graph traversal
Description	class	MonoBehaviour	SombraStudios.Shared.Utility	Utility/Description.cs	-	This is a simple component for holding notes or explanation
DescriptionSO	class	ScriptableObject	SombraStudios.Shared.ScriptableObjects	ScriptableObjects/DescriptionSO.cs	-	This is a base ScriptableObject that adds a description field
DestructibleBehaviour	class	MonoBehaviour	SombraStudios.Shared.Gameplay.Behaviours.Destructible	Gameplay/Behaviours/Destructible/DestructibleBehaviour.cs	-	Helper component that spawns a prefab game object when the Destroy function is called
DestructibleBehaviourSO	class	ScriptableObject	SombraStudios.Shared.Gameplay.Behaviours.Destructible	Gameplay/Behaviours/Destructible/DestructibleBehaviourSO.cs	-	-
DevelopmentBuildConditionSO	class	ConditionSO	SombraStudios.Shared.ScriptableObjects.Conditions	ScriptableObjects/Conditions/DevelopmentBuildConditionSO.cs	-	Represents a condition that evaluates whether the application is running in a development build
Direction	enum	-	SombraStudios.Shared.Extensions	Extensions/Direction.cs	-	A single direction along one of a transform's local axes
Direction	enum	-	SombraStudios.Shared.Utility	Utility/DotProductValidator.cs	-	Enumeration of possible Vector3 directions
Direction	enum	-	StyleSheet	CodeStyle.cs	-	-
DontDestroyOnLoad	class	MonoBehaviour	SombraStudios.Shared.Utility.DontDestroy	Utility/DontDestroy/DontDestroyOnLoad.cs	-	MonoBehaviour to preserve objects on scene loads
DotProductValidator	class	MonoBehaviour	SombraStudios.Shared.Utility	Utility/DotProductValidator.cs	-	Validator for two tranforms considering desired Direction for Dot Product operation
DoTweenTester	class	MonoBehaviour	SombraStudios.Shared.Editor	Editor/DoTweenTester.cs	DOTWEEN	Implement abstract method to be able to test the Tween on Editor
DoTweenTesterEditor	class	Editor	SombraStudios.Shared.Editor	Editor/DoTweenTesterEditor.cs	DOTWEEN	Editor script to preview and test a Tween
Drag	class	MonoBehaviour	SombraStudios.Shared.Gameplay.Drag	Gameplay/Drag/Drag.cs	-	Class to drag and drop and object with the mouse over the Z axis
DragMe	class	MonoBehaviour	SombraStudios.Shared.UI.ImageDrag	UI/ImageDrag/DragMe.cs	-	-
DragPanel	class	MonoBehaviour	SombraStudios.Shared.UI.PanelDragAndResize	UI/PanelDragAndResize/DragPanel.cs	-	-
DragRigidbody	class	MonoBehaviour	SombraStudios.Shared.Gameplay.Drag	Gameplay/Drag/DragRigidbody.cs	-	Class to drag and drop and object with the mouse over the Camera Z axis
DragRigidbody2D	class	MonoBehaviour	SombraStudios.Shared.Gameplay.Drag	Gameplay/Drag/DragRigidbody2D.cs	-	Class to drag and drop and object, affected by physics, with the mouse over the Z axis
DragThrow	class	MonoBehaviour	SombraStudios.Shared.Gameplay.Drag	Gameplay/Drag/DragThrow.cs	-	Class to drag and throw and object with the mouse over the Z Camera axis
DragThrow2D	class	MonoBehaviour	SombraStudios.Shared.Gameplay.Drag	Gameplay/Drag/DragThrow2D.cs	-	Class to drag and throw and object with the mouse over the Z Camera axis
DropMe	class	MonoBehaviour	SombraStudios.Shared.UI.ImageDrag	UI/ImageDrag/DropMe.cs	-	-
EditorModeConditionSO	class	ConditionSO	SombraStudios.Shared.ScriptableObjects.Conditions	ScriptableObjects/Conditions/EditorModeConditionSO.cs	-	Represents a condition that evaluates whether the application is running in the Unity Editor
EnumExtensions	class	-	SombraStudios.Shared.Extensions	Extensions/EnumExtensions.cs	-	Provides extension methods for working with enums, particularly those marked with the [Flags] attribute
EventActionSO	class	ScriptableObject	SombraStudios.Shared.Systems.Events	Systems/Events/EventActionSO.cs	-	Abstract base class for defining event actions with configurable execution, conditions, and logging
EventBinding<T>	class	IEventBinding	SombraStudios.Shared.Patterns.Behavioural.Observer.EventBus	Patterns/Behavioural/Observer/EventBus/EventBinding.cs	-	Represents a binding for events in the event bus system
EventBus<T>	class	IEvent	SombraStudios.Shared.Patterns.Behavioural.Observer.EventBus	Patterns/Behavioural/Observer/EventBus/EventBus.cs	-	A static class that represents an event bus for managing event bindings and raising events
EventBusUtil	class	-	SombraStudios.Shared.Patterns.Behavioural.Observer.EventBus	Patterns/Behavioural/Observer/EventBus/EventBusUtil.cs	-	Contains methods and properties related to event buses and event types in the Unity application
EventSequencer	class	MonoBehaviour	SombraStudios.Shared.Systems.Events	Systems/Events/EventSequencer.cs	-	Manages the execution of a sequence of event steps, allowing for starting, stopping, pausing, resetting, and skipping steps or actions
EventsStepSO	class	ScriptableObject	SombraStudios.Shared.Systems.Events	Systems/Events/EventsStepSO.cs	-	-
ExampleDependant	class	MonoBehaviour	SombraStudios.Shared.Patterns.InversionOfControl.DependencyInjection.Example	Patterns/InversionOfControl/DependencyInjection/Example/ExampleDependant.cs	-	We can have all of our dependencies obtained from outside without caring about where they are, or even if they are singletons or not
ExampleDependenciesContext	class	DependenciesContext	SombraStudios.Shared.Patterns.InversionOfControl.DependencyInjection.Example	Patterns/InversionOfControl/DependencyInjection/Example/ExampleDependenciesContext.cs	-	MonoBehaviour in the scene
ExampleDependencyMonobehaviour	class	MonoBehaviour	SombraStudios.Shared.Patterns.InversionOfControl.DependencyInjection.Example	Patterns/InversionOfControl/DependencyInjection/Example/ExampleDependencyMonobehaviour.cs	-	Example class
ExampleDependencyNested	class	MonoBehaviour	SombraStudios.Shared.Patterns.InversionOfControl.DependencyInjection.Example	Patterns/InversionOfControl/DependencyInjection/Example/ExampleDependencyNested.cs	-	In this case scneario, the nested class is in a Prefab as you can see on ExampleDependenciesContext line 35
ExampleDependencyPlainClass	class	-	SombraStudios.Shared.Patterns.InversionOfControl.DependencyInjection.Example	Patterns/InversionOfControl/DependencyInjection/Example/ExampleDependencyPlainClass.cs	-	-
Factory	class	MonoBehaviour	SombraStudios.Shared.Patterns.Creational.FactoryMethod	Patterns/Creational/FactoryMethod/Factory.cs	-	Abstract factory class for creating product instances
FillSliderTrigger	class	MonoBehaviour	SombraStudios.Shared.UI	UI/FillSliderTrigger.cs	-	Triggers an event when a slider bar is filled using an input Compatibility with both, legacy and the new Input System
FirebaseExceptionHelper	class	-	SombraStudios.Shared.Services.Firebase	Services/Firebase/FirebaseExceptionHelper.cs	FIREBASE_APP && FIREBASE_AUTH	Method to return exception error message from a Firebase Excception Known issue: Conflict with Task de Unity.Tasks
FloatEventChannelListener	class	GenericEventChannelListener	SombraStudios.Shared.Patterns.Behavioural.Observer.ScriptableObjects	Patterns/Behavioural/Observer/ScriptableObjects/Listeners/Implementations/FloatEventChannelListener.cs	-	A listener class for float event channels
FloatEventChannelListListener	class	GenericEventChannelListListener	SombraStudios.Shared.Patterns.Behavioural.Observer.ScriptableObjects	Patterns/Behavioural/Observer/ScriptableObjects/Listeners/Implementations/FloatEventChannelListListener.cs	-	A listener class for float event channels
FloatEventChannelSO	class	GenericEventChannelSO	SombraStudios.Shared.Patterns.Behavioural.Observer.ScriptableObjects	Patterns/Behavioural/Observer/ScriptableObjects/EventChannels/FloatEventChannelSO.cs	-	ScriptableObject event channel for events with a float parameter
FloatEventChannelSOEditor	class	GenericEventChannelSOEditor	SombraStudios.Shared.Patterns.Behavioural.Observer.ScriptableObjects.Editor	Patterns/Behavioural/Observer/ScriptableObjects/Editor/FloatEventChannelSOEditor.cs	-	Editor script to add a custom Inspector to the FloatEventChannelSO
FloatResource	class	Resource	SombraStudios.Shared.Systems.Resource	Systems/Resource/Implementations/FloatResource.cs	-	Serializable class representing a float resource
FloatResourceSystem	class	ResourceSystem	SombraStudios.Shared.Systems.Resource	Systems/Resource/Implementations/FloatResourceSystem.cs	-	Resource system for managing a float resource
FloatResourceSystemData	class	ResourceSystemDataSO	SombraStudios.Shared.Systems.Resource	Systems/Resource/Implementations/FloatResourceSystemData.cs	-	ScriptableObject class to hold float resource system data
FloatStat	class	Stat	SombraStudios.Shared.Systems.Stats	Systems/Stats/StatTypes/FloatStat.cs	-	Represents a flot stat
FlyweightFactory	class	PersistentSingleton	SombraStudios.Shared.Patterns.Creational.FlyweightFactoryPool	Patterns/Creational/FlyweightFactoryPool/FlyweightFactory.cs	-	Factory singleton that manages object pools for flyweight objects
FlyweightPooledObject	class	MonoBehaviour	SombraStudios.Shared.Patterns.Creational.FlyweightFactoryPool	Patterns/Creational/FlyweightFactoryPool/FlyweightPooledObject.cs	-	Represents an object that can be pooled using the Flyweight Factory Pool pattern
FlyweightPoolSettings	class	ScriptableObject	SombraStudios.Shared.Patterns.Creational.FlyweightFactoryPool	Patterns/Creational/FlyweightFactoryPool/FlyweightPoolSettings.cs	-	ScriptableObject that defines the configuration settings for a Flyweight Factory Pool
FollowTarget	class	MonoBehaviour	SombraStudios.Shared.Gameplay.Movement2D	Gameplay/Movement2D/FollowTarget.cs	-	Follot target script with look at target option
FootstepAudioClipListSO	class	ScriptableObject	SombraStudios.Shared.Audio.Footsteps	Audio/Footsteps/ScriptableObjects/FootstepAudioClipListSO.cs	-	SO used by the Footsteps Controller script to separate list of clips depending of checking Collisions with Tags
FootstepController	class	MonoBehaviour	SombraStudios.Shared.Audio.Footsteps	Audio/Footsteps/Abstract/FootstepController.cs	-	Uses FootstepAudioClipListSO to run foot step clips depending of the Tag of the floor by its collision
FormNavigation	class	MonoBehaviour	SombraStudios.Shared.UI	UI/FormNavigation.cs	-	Enable Form Navigation up and down, and submit button with keyboard
FrameRateLimiter	class	-	SombraStudios.Shared.Optimization.FrameRate	Optimization/FrameRate/FrameRateLimiter.cs	-	Limit FPS to optimize performance to the maximum refresh rate of the monitor This script don't need to and can't be attached to any Game...
FrameRateStrategy	class	StrategySO	SombraStudios.Shared.Optimization.FrameRate	Optimization/FrameRate/FrameRateStrategy.cs	-	Command to set the target frame rate of the application
FrequencyTimer	class	Timer	SombraStudios.Shared.Utility.Timers.Core	Utility/Timers/Core/FrequencyTimer.cs	-	Timer that ticks at a specific frequency
FuncCondition	class	ICondition	SombraStudios.Shared.Patterns.Behavioural.FiniteStateMachine	Patterns/Behavioural/FiniteStateMachine/FuncCondition.cs	-	Condition backed by a function delegate
FuncExample	class	MonoBehaviour	SombraStudios.Shared.Examples.Delegates	Examples/Delegates/FuncExample.cs	-	Func is a return parameter Delegate
GameObjectDestroyer	class	MonoBehaviour	SombraStudios.Shared.Utility.Destroyer	Utility/Destroyer/GameObjectDestroyer.cs	-	Destroys on Awake the GameObject this script is attached to depending on platform scripting symbols like UNITY_EDITOR, UNITY_STANDALONE,...
GameObjectEventChannelListener	class	GenericEventChannelListener	SombraStudios.Shared.Patterns.Behavioural.Observer.ScriptableObjects	Patterns/Behavioural/Observer/ScriptableObjects/Listeners/Implementations/GameObjectEventChannelListener.cs	-	A listener class for GameObject event channels
GameObjectEventChannelListListener	class	GenericEventChannelListListener	SombraStudios.Shared.Patterns.Behavioural.Observer.ScriptableObjects	Patterns/Behavioural/Observer/ScriptableObjects/Listeners/Implementations/GameObjectEventChannelListListener.cs	-	A listener class for GameObject event channels
GameObjectEventChannelSO	class	GenericEventChannelSO	SombraStudios.Shared.Patterns.Behavioural.Observer.ScriptableObjects	Patterns/Behavioural/Observer/ScriptableObjects/EventChannels/GameObjectEventChannelSO.cs	-	ScriptableObject event channel for events with a GameObject parameter
GameObjectEventChannelSOEditor	class	GenericEventChannelSOEditor	SombraStudios.Shared.Patterns.Behavioural.Observer.ScriptableObjects.Editor	Patterns/Behavioural/Observer/ScriptableObjects/Editor/GameObjectEventChannelSOEditor.cs	-	This event channel broadcasts and carries GameObject payload
GameObjectExtensions	class	-	SombraStudios.Shared.Extensions	Extensions/GameObjectExtensions.cs	-	Extension methods for GameObject
GameObjectRuntimeSetSO	class	RuntimeSetSO	SombraStudios.Shared.ScriptableObjects.RuntimeSets	ScriptableObjects/RuntimeSets/Implementations/GameObjectRuntimeSetSO.cs	-	This is an example Runtime Set used for tracking one or more GameObjects or components at runtime
GameObjectRuntimeSetSOEditor	class	Editor	SombraStudios.Shared.ScriptableObjects.RuntimeSets.Editor	ScriptableObjects/RuntimeSets/Editor/GameObjectRuntimeSetSOEditor.cs	-	This class overrides the default Editor behavior to show the elements of the runtime set
GameobjectWithTagOrLayerComponentSearchWindow	class	ComponentSearchWindow	SombraStudios.Shared.Tools.Search.AssetOrComponent	Tools/Search/AssetOrComponent/GameobjectWithTagOrLayerComponentSearchWindow.cs	-	Custom Editor window to search for GameObjects with a specific tag or layer
GameStateEvent<T>	class	GameStateListener	SombraStudios.Shared.Systems.GameState	Systems/GameState/GameStateEvent.cs	-	Base class for handling game state events
GameStateListener<T>	class	MonoBehaviour	SombraStudios.Shared.Systems.GameState	Systems/GameState/GameStateListener.cs	-	Abstract base class for listening to changes in a GameStateSO
GameStateSO<T>	class	ScriptableObject	SombraStudios.Shared.Systems.GameState	Systems/GameState/GameStateSO.cs	-	Abstract base class for managing game states using a ScriptableObject
GenericEventChannelListener<T>	class	MonoBehaviour	SombraStudios.Shared.Patterns.Behavioural.Observer.ScriptableObjects	Patterns/Behavioural/Observer/ScriptableObjects/Listeners/Generic/GenericEventChannelListener.cs	-	A generic listener for an event channel of type T
GenericEventChannelListListener<T>	class	MonoBehaviour	SombraStudios.Shared.Patterns.Behavioural.Observer.ScriptableObjects	Patterns/Behavioural/Observer/ScriptableObjects/Listeners/Generic/GenericEventChannelListListener.cs	-	A listener for multiple event channels of type T
GenericEventChannelListListener<T>.EventChannelResponsePair<T>	class	-	SombraStudios.Shared.Patterns.Behavioural.Observer.ScriptableObjects	Patterns/Behavioural/Observer/ScriptableObjects/Listeners/Generic/GenericEventChannelListListener.cs	-	A class representing a pair of an event channel and its corresponding UnityEvent response
GenericEventChannelSO<T>	class	ScriptableObject	SombraStudios.Shared.Patterns.Behavioural.Observer.ScriptableObjects	Patterns/Behavioural/Observer/ScriptableObjects/EventChannels/GenericEventChannelSO.cs	-	A generic event channel scriptable object that allows raising events with a parameter of type T
GenericEventChannelSOEditor<T>	class	Editor	SombraStudios.Shared.Patterns.Behavioural.Observer.ScriptableObjects.Editor	Patterns/Behavioural/Observer/ScriptableObjects/Editor/GenericEventChannelSOEditor.cs	-	This Editor class creates a custom Inspector for event channels that carry a payload (e.g., BoolEventChannelSO, FloatEventChannelSO, etc.)
GetRemoteTexture	class	MonoBehaviour	SombraStudios.Shared.Utility	Utility/GetRemoteTexture.cs	-	Script for getting image from web/local location
GizmoCubeEditor	class	Editor	SombraStudios.Shared.Utility.UnityGizmos.Editor	Utility/UnityGizmos/Editor/GizmoCubeEditor.cs	-	Custom editor for IGizmoCube objects
GizmoFrustumEditor	class	Editor	SombraStudios.Shared.Utility.UnityGizmos.Editor	Utility/UnityGizmos/Editor/GizmoFrustumEditor.cs	-	Custom editor for IGizmoFrustum objects
GizmoGridEditor	class	Editor	SombraStudios.Shared.Utility.UnityGizmos.Editor	Utility/UnityGizmos/Editor/GizmoGridEditor.cs	-	Custom editor for IGizmoGrid objects
GizmoGUITextureEditor	class	Editor	SombraStudios.Shared.Utility.UnityGizmos.Editor	Utility/UnityGizmos/Editor/GizmoGUITextureEditor.cs	-	Custom editor for IGizmoGUITexture objects
GizmoIconEditor	class	Editor	SombraStudios.Shared.Utility.UnityGizmos.Editor	Utility/UnityGizmos/Editor/GizmoIconEditor.cs	-	Custom editor for IGizmoIcon objects
GizmoLineEditor	class	Editor	SombraStudios.Shared.Utility.UnityGizmos.Editor	Utility/UnityGizmos/Editor/GizmoLineEditor.cs	-	Custom editor for IGizmoLine objects
GizmoMeshEditor	class	Editor	SombraStudios.Shared.Utility.UnityGizmos.Editor	Utility/UnityGizmos/Editor/GizmoMeshEditor.cs	-	Custom editor for IGizmoMesh objects
GizmoRayEditor	class	Editor	SombraStudios.Shared.Utility.UnityGizmos.Editor	Utility/UnityGizmos/Editor/GizmoRayEditor.cs	-	Custom editor for IGizmoRay objects
GizmosCubeUtility	class	GizmosUtility	SombraStudios.Shared.Utility.UnityGizmos	Utility/UnityGizmos/Monobehaviours/GizmosCubeUtility.cs	-	Draw a solid or wireframe box at center with size
GizmosFieldOfViewUtility	class	GizmosUtility	SombraStudios.Shared.Utility.UnityGizmos	Utility/UnityGizmos/Monobehaviours/GizmosFieldOfViewUtility.cs	-	Draws a field of view cone: two boundary lines and the arc that closes them
GizmosFrustumUtility	class	GizmosUtility	SombraStudios.Shared.Utility.UnityGizmos	Utility/UnityGizmos/Monobehaviours/GizmosFrustumUtility.cs	-	-
GizmosGridUtility	class	GizmosUtility	SombraStudios.Shared.Utility.UnityGizmos	Utility/UnityGizmos/Monobehaviours/GizmosGridUtility.cs	-	-
GizmosGUITextureUtility	class	GizmosUtility	SombraStudios.Shared.Utility.UnityGizmos	Utility/UnityGizmos/Monobehaviours/GizmosGUITextureUtility.cs	-	-
GizmosIconUtility	class	GizmosUtility	SombraStudios.Shared.Utility.UnityGizmos	Utility/UnityGizmos/Monobehaviours/GizmosIconUtility.cs	-	DrawIcon can be used to allow important objects in your game to be selected quickly
GizmosLineUtility	class	GizmosUtility	SombraStudios.Shared.Utility.UnityGizmos	Utility/UnityGizmos/Monobehaviours/GizmosLineUtility.cs	-	Draws a line starting at from towards to
GizmosMeshUtility	class	GizmosUtility	SombraStudios.Shared.Utility.UnityGizmos	Utility/UnityGizmos/Monobehaviours/GizmosMeshUtility.cs	-	Draw a solid or wireframe Mesh
GizmoSphereEditor	class	Editor	SombraStudios.Shared.Utility.UnityGizmos.Editor	Utility/UnityGizmos/Editor/GizmoSphereEditor.cs	-	Custom editor for IGizmoSphere objects
GizmosRayUtility	class	GizmosUtility	SombraStudios.Shared.Utility.UnityGizmos	Utility/UnityGizmos/Monobehaviours/GizmosRayUtility.cs	-	Draws a ray starting at from to from + direction
GizmosSphereUtility	class	GizmosUtility	SombraStudios.Shared.Utility.UnityGizmos	Utility/UnityGizmos/Monobehaviours/GizmosSphereUtility.cs	-	Draws a solid or wireframe sphere with center and radius
GizmosUtility	class	MonoBehaviour	SombraStudios.Shared.Utility.UnityGizmos	Utility/UnityGizmos/Monobehaviours/GizmosUtility.cs	-	Decorator/Wrapper over MonoBehaviour OnDrawGizmos and OnDrawGizmosSelected Unity messages
GraphNode	class	MonoBehaviour	SombraStudios.Shared.Examples.Graphs	Examples/Graphs/GraphNode.cs	-	Represents a node in a graph with visual connections to neighboring nodes
GridSpawner	class	MonoBehaviour	SombraStudios.Shared.Gameplay.Spawners	Gameplay/Spawners/GridSpawner.cs	-	This component spawns an array of Prefabs in a grid pattern -- useful for generating a wall of blocks
GUILayoutNetwork	class	MonoBehaviour	SombraStudios.Shared.Networking.Netcode	Networking/Netcode/GUILayoutNetwork.cs	REQUIRES_EXTERNAL_PACKAGE	Class to show buttons and labels related to Networking
HandSide	enum	-	SombraStudios.Shared.Enums	Enums/HandSide.cs	-	Enum representing the side of a hand
HandTarget	enum	-	SombraStudios.Shared.Enums	Enums/HandTarget.cs	-	Enum representing target hands for an action
Haptic	class	-	SombraStudios.Shared.XR	XR/HapticInteractable.cs	UNITY_XR_INTERACTION_TOOLKIT	Configuration for haptic feedback
HapticInteractable	class	MonoBehaviour	SombraStudios.Shared.XR	XR/HapticInteractable.cs	UNITY_XR_INTERACTION_TOOLKIT	Trigger haptics on interactable object using Haptic configuration on demand or on events
HealData	class	-	SombraStudios.Shared.Systems.Heal	Systems/Heal/HealData.cs	-	-
HexToRGBA	class	MonoBehaviour	SombraStudios.Shared.Utility	Utility/HexToRGBA.cs	-	Class that creates a text file at the root proyect folder with the string lines converted from Hex code Colors into RGBA ready to paste t...
HUDFPS	class	MonoBehaviour	SombraStudios.Shared.UI	UI/HUDFPS.cs	-	Attach this to a GUIText to make a frames/second indicator with colors
IAnimationStateEventEnterReceiver	interface	-	SombraStudios.Shared.Animations.StateEvents	Animations/StateEvents/Interfaces/IAnimationStateEventEnterReceiver.cs	-	Enables a component to react to the 'ActionBegin' animation event
IAnimationStateEventExitReceiver	interface	-	SombraStudios.Shared.Animations.StateEvents	Animations/StateEvents/Interfaces/IAnimationStateEventExitReceiver.cs	-	Enables a component to react to the 'ActionFinished' animation event
IAnimationStateEventReceiver	interface	-	SombraStudios.Shared.Animations.StateEvents	Animations/StateEvents/Interfaces/IAnimationStateEventReceiver.cs	-	Interface for receiving animation state events
IBaseStat	interface	-	SombraStudios.Shared.Systems.Stats	Systems/Stats/StatInterfaces/IBaseStat.cs	-	Represents a basic stat with a name
IBehaviour	interface	-	SombraStudios.Shared.Gameplay.Behaviours	Gameplay/Behaviours/IBehaviour.cs	-	Interface for defining a behavior with enable/disable functionality
IBlendShapeProperty	interface	-	SombraStudios.Shared.VFX.PropertySO	VFX/PropertySO/BlendShape/IBlendShapeProperty.cs	-	Interface for blend shape properties
ICommand	interface	-	SombraStudios.Shared.Patterns.Behavioural.Command	Patterns/Behavioural/Command/ICommand.cs	-	This interface defines the minimum functionality for creating the command design pattern (for ScriptableObjects, MonoBehaviours, or gener...
ICommand<T>	interface	-	SombraStudios.Shared.Patterns.Behavioural.Command	Patterns/Behavioural/Command/ICommand.cs	-	This interface defines the minimum functionality for creating the command design pattern with a parameterized type
ICondition	interface	-	SombraStudios.Shared.Interfaces	Interfaces/ICondition.cs	-	Defines a contract for evaluating a condition
ICondition<inT>	interface	-	SombraStudios.Shared.Interfaces	Interfaces/ICondition.cs	-	Defines an interface for checking conditions based on the provided data
ICooldown	interface	-	SombraStudios.Shared.Utility.Cooldown	Utility/Cooldown/ICooldown.cs	-	-
IDamageable	interface	-	SombraStudios.Shared.Systems.Damage	Systems/Damage/IDamageable.cs	-	-
IDamageable	interface	-	StyleSheet	CodeStyle.cs	-	-
IDamageable<T>	interface	-	StyleSheet	CodeStyle.cs	-	-
IDamageStrategy	interface	IStrategy	SombraStudios.Shared.Examples.Patterns.Behavioural.Strategy	Examples/Patterns/Behavioural/Strategy/DamageStrategy.cs	-	The Strategy interface is common to all concrete strategies
IDescribable	interface	-	SombraStudios.Shared.Interfaces	Interfaces/IDescribable.cs	-	Interface for objects that can provide a description
IEnumerableExtensions	class	-	SombraStudios.Shared.Extensions	Extensions/IEnumerableExtensions.cs	-	Provides extension methods for working with IEnumerable{T} collections
IEnumeratorCoroutineExample	class	MonoBehaviour	SombraStudios.Shared.Examples	Examples/IEnumeratorCoroutineExample.cs	-	IEnumerator Coroutines examples Coroutine Documentation: https://docs.unity3d.com/Manual/Coroutines.html Coroutine Script Documentation:...
IEvent	interface	-	SombraStudios.Shared.Patterns.Behavioural.Observer.EventBus	Patterns/Behavioural/Observer/EventBus/IEvent.cs	-	Represents a generic event in the event bus system
IEventBinding<T>	interface	-	SombraStudios.Shared.Patterns.Behavioural.Observer.EventBus	Patterns/Behavioural/Observer/EventBus/IEventBinding.cs	-	Interface for event bindings in the event bus system
IGizmo	interface	-	SombraStudios.Shared.Utility.UnityGizmos	Utility/UnityGizmos/Interfaces/IGizmo.cs	-	Defines the interface for drawing a Gizmo in Unity with a Editor script
IGizmoCube	interface	IGizmo	SombraStudios.Shared.Utility.UnityGizmos	Utility/UnityGizmos/Interfaces/IGizmoCube.cs	-	Defines the interface for a Gizmo that represents a cube in Unity
IGizmoFrustum	interface	IGizmo	SombraStudios.Shared.Utility.UnityGizmos	Utility/UnityGizmos/Interfaces/IGizmoFrustum.cs	-	Defines the interface for a Gizmo that represents a frustum in Unity
IGizmoGrid	interface	IGizmo	SombraStudios.Shared.Utility.UnityGizmos	Utility/UnityGizmos/Interfaces/IGizmoGrid.cs	-	Defines the interface for a Gizmo that represents a grid in Unity
IGizmoGUITexture	interface	IGizmo	SombraStudios.Shared.Utility.UnityGizmos	Utility/UnityGizmos/Interfaces/IGizmoGUITexture.cs	-	Defines the interface for a Gizmo that represents a GUI texture in Unity
IGizmoIcon	interface	IGizmo	SombraStudios.Shared.Utility.UnityGizmos	Utility/UnityGizmos/Interfaces/IGizmoIcon.cs	-	Defines the interface for a Gizmo that represents an icon in Unity
IGizmoLine	interface	IGizmo	SombraStudios.Shared.Utility.UnityGizmos	Utility/UnityGizmos/Interfaces/IGizmoLine.cs	-	Defines the interface for a Gizmo that represents a line in Unity
IGizmoMesh	interface	IGizmo	SombraStudios.Shared.Utility.UnityGizmos	Utility/UnityGizmos/Interfaces/IGizmoMesh.cs	-	Defines the interface for a Gizmo that represents a mesh in Unity
IGizmoRay	interface	IGizmo	SombraStudios.Shared.Utility.UnityGizmos	Utility/UnityGizmos/Interfaces/IGizmoRay.cs	-	Defines the interface for a Gizmo that represents a ray in Unity
IGizmoSphere	interface	IGizmo	SombraStudios.Shared.Utility.UnityGizmos	Utility/UnityGizmos/Interfaces/IGizmoSphere.cs	-	Defines the interface for a Gizmo that represents a sphere in Unity
IHealable	interface	-	SombraStudios.Shared.Systems.Heal	Systems/Heal/IHealable.cs	-	-
IIdentifiable	interface	-	SombraStudios.Shared.ScriptableObjects	ScriptableObjects/IIdentifiable.cs	-	Interface for objects that can be identified by a unique identifier
IKeychain	interface	-	SombraStudios.Shared.XR.KeyLockSystem	XR/KeyLockSystem/IKeychain.cs	-	Interface to implement for objects that hold a set of Key s
ILightningPhone	interface	-	SombraStudios.Shared.Examples.Patterns.Structural.Adapter.Object	Examples/Patterns/Structural/Adapter/Object/ILightningPhone.cs	-	-
ILoggerService	interface	-	SombraStudios.Shared.Utility.Loggers	Utility/Loggers/ILoggerService.cs	-	-
ImageCarousel	class	MonoBehaviour	SombraStudios.Shared.UI	UI/ImageCarousel.cs	REQUIRES_EXTERNAL_PACKAGE	Image Carousel Class behaviour
IMaterialProperty<T>	interface	-	SombraStudios.Shared.VFX.PropertySO	VFX/PropertySO/Material/IMaterialProperty.cs	-	Interface for defining and manipulating material shader properties
IMPBProperty<T>	interface	-	SombraStudios.Shared.VFX.PropertySO	VFX/PropertySO/MaterialPropertyBlock/IMPBProperty.cs	-	Interface for Material Property Block properties
InjectFieldAttribute	class	Attribute	SombraStudios.Shared.Patterns.InversionOfControl.DependencyInjection	Patterns/InversionOfControl/DependencyInjection/InjectFieldAttribute.cs	-	The choice is the attribute based one, because you can use it with both plain classes and MonoBehaviours
InputfieldSlideScreen	class	MonoBehaviour	SombraStudios.Shared.UI.Mobile	UI/Mobile/InputfieldSlideScreen.cs	UNITY_IOS || UNITY_ANDROID	When the Touch Keyboard is active and the assigned input field is focused, the assigned rect transform will adjust Y position to be on to...
InputManager	class	Singleton	SombraStudios.Shared.Inputs.Manager	Inputs/InputManager.cs	-	Manages input actions and maps, enabling and disabling them as needed
InteractHandler	class	MonoBehaviour	SombraStudios.Shared.UI	UI/InteractHandler.cs	REQUIRES_EXTERNAL_PACKAGE	-
InterstitialAdExample	class	MonoBehaviour	SombraStudios.Shared.Services.Advertisement	Services/Advertisement/InterstitialAdExample.cs	UNITY_ADVERTISEMENTS	Class for Interstitial advertisement
IntervalTimer	class	Timer	SombraStudios.Shared.Utility.Timers.Core	Utility/Timers/Core/IntervalTimer.cs	-	Countdown timer that triggers events at specified intervals until completion
IntEventChannelListener	class	GenericEventChannelListener	SombraStudios.Shared.Patterns.Behavioural.Observer.ScriptableObjects	Patterns/Behavioural/Observer/ScriptableObjects/Listeners/Implementations/IntEventChannelListener.cs	-	A listener class for integer event channels
IntEventChannelListListener	class	GenericEventChannelListListener	SombraStudios.Shared.Patterns.Behavioural.Observer.ScriptableObjects	Patterns/Behavioural/Observer/ScriptableObjects/Listeners/Implementations/IntEventChannelListListener.cs	-	A listener class for integer event channels
IntEventChannelSO	class	GenericEventChannelSO	SombraStudios.Shared.Patterns.Behavioural.Observer.ScriptableObjects	Patterns/Behavioural/Observer/ScriptableObjects/EventChannels/IntEventChannelSO.cs	-	ScriptableObject event channel for events with an integer parameter
IntEventChannelSOEditor	class	GenericEventChannelSOEditor	SombraStudios.Shared.Patterns.Behavioural.Observer.ScriptableObjects.Editor	Patterns/Behavioural/Observer/ScriptableObjects/Editor/IntEventChannelSOEditor.cs	-	This event channel broadcasts and carries Integer payload
IntResource	class	Resource	SombraStudios.Shared.Systems.Resource	Systems/Resource/Implementations/IntResource.cs	-	Serializable class representing an int resource
IntResourceSystemData	class	ResourceSystemDataSO	SombraStudios.Shared.Systems.Resource	Systems/Resource/Implementations/IntResourceSystemData.cs	-	ScriptableObject class to hold int resource system data
IntStat	class	Stat	SombraStudios.Shared.Systems.Stats	Systems/Stats/StatTypes/IntStat.cs	-	Represents an integer stat
InventoryDisplay	class	MonoBehaviour	SombraStudios.Shared.UI.InventorySystem	UI/InventorySystem/InventoryDisplay.cs	-	Example script to filter and display items in a UI Inventory System
InventoryItemButton	class	MonoBehaviour	SombraStudios.Shared.UI.InventorySystem	UI/InventorySystem/InventoryItemButton.cs	-	Example script to use as an item in a UI inventory System
IObservableRuntimeSetItem<T>	interface	-	SombraStudios.Shared.ScriptableObjects.RuntimeSets	ScriptableObjects/RuntimeSets/IObservableRuntimeSetItem.cs	-	Interface for items that can be added to or removed from an observable runtime set
IProduct	interface	-	SombraStudios.Shared.Patterns.Creational.FactoryMethod	Patterns/Creational/FactoryMethod/IProduct.cs	-	Interface for product objects created by the factory method
IRuntimeSetItem<T>	interface	-	SombraStudios.Shared.ScriptableObjects.RuntimeSets	ScriptableObjects/RuntimeSets/IRuntimeSetItem.cs	-	Interface for items that can be added to or removed from a runtime set
ISingleReference<T>	interface	-	SombraStudios.Shared.ScriptableObjects.RuntimeSets	ScriptableObjects/RuntimeSets/ISingleReference.cs	-	Interface for objects that hold a single reference of type T
IStat<T>	interface	IBaseStat	SombraStudios.Shared.Systems.Stats	Systems/Stats/StatInterfaces/IStat.cs	-	Represents a stat with a base value and a potentially modified value
IState	interface	-	SombraStudios.Shared.Patterns.Behavioural.FiniteStateMachine	Patterns/Behavioural/FiniteStateMachine/IState.cs	-	Interface for a state in a state machine
IStrategy	interface	-	SombraStudios.Shared.Patterns.Behavioural.Strategy	Patterns/Behavioural/Strategy/IStrategy.cs	-	Defines a non-generic strategy pattern interface for executing actions
IStrategy<T>	interface	-	SombraStudios.Shared.Patterns.Behavioural.Strategy	Patterns/Behavioural/Strategy/IStrategy.cs	-	Defines a strategy pattern interface for executing actions based on the provided data
ITeleportable	interface	-	SombraStudios.Shared.Systems.Teleport	Systems/Teleport/ITeleportable.cs	-	Interface for creating a teleportable object
ItemSO	class	ScriptableObject	SombraStudios.Shared.Systems.LootBox	Systems/LootBox/ItemSO.cs	-	-
ITransition	interface	-	SombraStudios.Shared.Patterns.Behavioural.FiniteStateMachine	Patterns/Behavioural/FiniteStateMachine/ITransition.cs	-	Interface for a transition between states in a state machine
IUsbPhone	interface	-	SombraStudios.Shared.Examples.Patterns.Structural.Adapter.Object	Examples/Patterns/Structural/Adapter/Object/IUsbPhone.cs	-	-
IVisitable	interface	-	SombraStudios.Shared.Patterns.Behavioural.Visitor	Patterns/Behavioural/Visitor/IVisitable.cs	-	Interface for elements that can be visited by a visitor
IVisitor	interface	-	SombraStudios.Shared.Patterns.Behavioural.Visitor	Patterns/Behavioural/Visitor/IVisitor.cs	-	Interface for visitors that can visit visitable elements
Joke	class	-	SombraStudios.Shared.Services.WebAPI	Services/WebAPI/Joke.cs	-	Example class to serealize a web response
Jump	class	MonoBehaviour	SombraStudios.Shared.Gameplay.Movement2D	Gameplay/Movement2D/Jump.cs	-	Jump script with ground check
Keychain	class	MonoBehaviour	SombraStudios.Shared.XR.KeyLockSystem	XR/KeyLockSystem/Keychain.cs	-	A generic Keychain component that holds the KeySOs to open a Lock
KeySO	class	ScriptableObject	SombraStudios.Shared.XR.KeyLockSystem	XR/KeyLockSystem/KeySO.cs	-	An asset that represents a key
LambdaExample	class	MonoBehaviour	SombraStudios.Shared.Examples.Delegates	Examples/Delegates/LambdaExample.cs	-	Lambda expresion with delegates
LazyReference<T>	class	Object	SombraStudios.Shared.Patterns.Creational.LazyInitialization	Patterns/Creational/LazyInitialization/LazyReference.cs	-	A generic class for lazy initialization of UnityEngine.Object types
LazyService<T>	class	Object	SombraStudios.Shared.Patterns.Creational.LazyInitialization	Patterns/Creational/LazyInitialization/LazyService.cs	-	Provides a lazy initialization mechanism for UnityEngine.Object types
LerpColor	class	MonoBehaviour	SombraStudios.Shared.VFX	VFX/LerpColor.cs	-	Interpolate between an initial and a final color of the material
LerpColorData	struct	-	SombraStudios.Shared.Utility.Lerp	Utility/Lerp/LerpTool.cs	-	Data structure for Lerp operations on Color values
LerpQuaternionData	struct	-	SombraStudios.Shared.Utility.Lerp	Utility/Lerp/LerpTool.cs	-	Data structure for Lerp operations on Quaternion values
LerpTool	class	-	SombraStudios.Shared.Utility.Lerp	Utility/Lerp/LerpTool.cs	-	Utility class for performing various types of Lerp operations
LerpValueData	struct	-	SombraStudios.Shared.Utility.Lerp	Utility/Lerp/LerpTool.cs	-	Data structure for Lerp operations on float values
LerpVector2Data	struct	-	SombraStudios.Shared.Utility.Lerp	Utility/Lerp/LerpTool.cs	-	Data structure for Lerp operations on Vector2 values
LerpVector3Data	struct	-	SombraStudios.Shared.Utility.Lerp	Utility/Lerp/LerpTool.cs	-	Data structure for Lerp operations on Vector3 values
LightningToUsbAdapter	class	IUsbPhone	SombraStudios.Shared.Examples.Patterns.Structural.Adapter.Object	Examples/Patterns/Structural/Adapter/Object/LightningToUsbAdapter.cs	-	-
LineOfSight	class	-	SombraStudios.Shared.AI	AI/IsInSightData.cs	-	-
LineOfSight	class	-	SombraStudios.Shared.AI	AI/LineOfSight.cs	-	Field of view and obstruction checks between two transforms
LineOfSight.IsInSightData	struct	-	SombraStudios.Shared.AI	AI/IsInSightData.cs	-	Represents the data for a sight check
LineOfSightTests	class	-	SombraStudios.Shared.Tests.AI	Tests/EditMode/AI/LineOfSightTests.cs	-	-
LinePositionsUpdater	class	MonoBehaviour	SombraStudios.Shared.VFX	VFX/LinePositionsUpdater.cs	-	Line Renderer positioner that use World Position to update the line positions
Listener	class	MonoBehaviour	SombraStudios.Shared.Examples.Patterns.Behavioural.Observer	Examples/Patterns/Behavioural/Observer/Listener.cs	-	Listen to Observer event
ListenEventActionSO	class	EventActionSO	SombraStudios.Shared.Systems.Events	Systems/Events/EventActions/ListenEventActionSO.cs	-	-
ListExtensions	class	-	SombraStudios.Shared.Extensions	Extensions/ListExtensions.cs	-	Extension methods for IList{T} collections
LoadingBarController	class	MonoBehaviour	SombraStudios.Shared.Utility	Utility/LoadingBarController.cs	REQUIRES_EXTERNAL_PACKAGE	Complete the loading bar and text depending of the amount of checkpoints invoked
LoadNextSceneStrategy	class	SceneStrategy	SombraStudios.Shared.Scenes.Strategies	Scenes/Strategies/LoadNextSceneStrategy.cs	-	Strategy for loading the next scene in the build index
LoadSceneByIndexStrategy	class	SceneStrategy	SombraStudios.Shared.Scenes.Strategies	Scenes/Strategies/LoadSceneByIndexStrategy.cs	-	Strategy for asynchronously or synchronously loading a scene by its build index, with optional parameters
LoadSceneByPathStrategy	class	SceneStrategy	SombraStudios.Shared.Scenes.Strategies	Scenes/Strategies/LoadSceneByPathStrategy.cs	-	Strategy for asynchronously or synchronously loading a scene by its scene path, with optional parameters
Lock	class	-	SombraStudios.Shared.XR.KeyLockSystem	XR/KeyLockSystem/Lock.cs	-	Use this object as a generic way to validate if an object can perform some action
Logger	class	-	SombraStudios.Shared.Utility.Loggers	Utility/Loggers/Logger.cs	-	A utility class for logging messages in Unity with support for categories and colors
LookAtController	class	MonoBehaviour	SombraStudios.Shared.Gameplay.Behaviours.LookAt	Gameplay/Behaviours/LookAt/LookAtController.cs	-	Controller to handle the "Look At" functionality on an object
LookAtSO	class	ScriptableObject	SombraStudios.Shared.Gameplay.Behaviours.LookAt	Gameplay/Behaviours/LookAt/LookAtSO.cs	-	ScriptableObject to store settings for the "Look At" functionality
LookWithLerpController	class	MonoBehaviour	SombraStudios.Shared.Gameplay.Behaviours.LookWithLerp	Gameplay/Behaviours/LookWithLerp/LookWithLerpController.cs	-	Controller to handle the look to a rotation with lerp functionality on an object
LookWithLerpSO	class	ScriptableObject	SombraStudios.Shared.Gameplay.Behaviours.LookWithLerp	Gameplay/Behaviours/LookWithLerp/LookWithLerpSO.cs	-	ScriptableObject to store settings for the "Look With Lerp" functionality
LootBox	class	MonoBehaviour	SombraStudios.Shared.Systems.LootBox	Systems/LootBox/LootBox.cs	-	-
LootBox2D	class	LootBox	SombraStudios.Shared.Systems.LootBox	Systems/LootBox/LootBox2D.cs	-	-
LootBox3D	class	LootBox	SombraStudios.Shared.Systems.LootBox	Systems/LootBox/LootBox3D.cs	-	-
MaterialCopyPropertiesFromMaterialVFXSO	class	MaterialVFXSO	SombraStudios.Shared.VFX.PropertySO	VFX/PropertySO/Material/MaterialCopyPropertiesFromMaterialVFXSO.cs	-	This SO copies property values (both serialized and set at runtime), as well as shader keywords, render queue and global illumination fla...
MaterialDisableKeywordVFXSO	class	MaterialVFXSO	SombraStudios.Shared.VFX.PropertySO	VFX/PropertySO/Material/MaterialDisableKeywordVFXSO.cs	-	ScriptableObject for disabling a specific shader keyword in materials
MaterialEnableKeywordVFXSO	class	MaterialVFXSO	SombraStudios.Shared.VFX.PropertySO	VFX/PropertySO/Material/MaterialEnableKeywordVFXSO.cs	-	ScriptableObject for enabling a specific shader keyword in materials
MaterialHandler	class	MonoBehaviour	SombraStudios.Shared.VFX	VFX/MaterialHandler.cs	-	Utils script for adding and removing materials from a Renderer
MaterialPropertyBlockClearVFXO	class	MaterialPropertyBlockVFXSO	SombraStudios.Shared.VFX.PropertySO	VFX/PropertySO/MaterialPropertyBlock/MaterialPropertyBlockClearVFXO.cs	-	ScriptableObject for clearing MaterialPropertyBlock values
MaterialPropertyBlockPropertyVFXSO<T>	class	MaterialPropertyBlockVFXSO	SombraStudios.Shared.VFX.PropertySO	VFX/PropertySO/MaterialPropertyBlock/MaterialPropertyBlockVFXSO.cs	-	Abstract base class for VFX properties that use MaterialPropertyBlock and have a specific property name and value
MaterialPropertyBlockVFXSO<T>	class	VFXPropertySO	SombraStudios.Shared.VFX.PropertySO	VFX/PropertySO/MaterialPropertyBlock/MaterialPropertyBlockVFXSO.cs	-	Abstract base class for VFX properties that use MaterialPropertyBlock
MaterialPropertyVFXSO<T>	class	MaterialVFXSO	SombraStudios.Shared.VFX.PropertySO	VFX/PropertySO/Material/MaterialVFXSO.cs	-	-
MaterialsAssetSearchWindow	class	AssetSearchWindow	SombraStudios.Shared.Tools.Search.AssetOrComponent	Tools/Search/AssetOrComponent/MaterialAssetSearchWindow.cs	-	Custom Editor window to search for Material assets
MaterialSetColorArrayVFXSO	class	MaterialPropertyVFXSO	SombraStudios.Shared.VFX.PropertySO	VFX/PropertySO/Material/MaterialSetColorArrayVFXSO.cs	-	ScriptableObject for setting a color array property in a material
MaterialSetColorVFXSO	class	MaterialPropertyVFXSO	SombraStudios.Shared.VFX.PropertySO	VFX/PropertySO/Material/MaterialSetColorVFXSO.cs	-	ScriptableObject for setting a color property in a material
MaterialSetFloatArrayVFXSO	class	MaterialPropertyVFXSO	SombraStudios.Shared.VFX.PropertySO	VFX/PropertySO/Material/MaterialSetFloatArrayVFXSO.cs	-	ScriptableObject for setting a float array property in a material
MaterialSetFloatVFXSO	class	MaterialPropertyVFXSO	SombraStudios.Shared.VFX.PropertySO	VFX/PropertySO/Material/MaterialSetFloatVFXSO.cs	-	ScriptableObject for setting a float property in a material
MaterialSetIntegerVFXSO	class	MaterialPropertyVFXSO	SombraStudios.Shared.VFX.PropertySO	VFX/PropertySO/Material/MaterialSetIntegerVFXSO.cs	-	ScriptableObject for setting a integer property in a material
MaterialSetMatrixArrayVFXSO	class	MaterialPropertyVFXSO	SombraStudios.Shared.VFX.PropertySO	VFX/PropertySO/Material/MaterialSetMatrixArrayVFXSO.cs	-	ScriptableObject for setting a matrix array property in a material
MaterialSetMatrixVFXSO	class	MaterialPropertyVFXSO	SombraStudios.Shared.VFX.PropertySO	VFX/PropertySO/Material/MaterialSetMatrixVFXSO.cs	-	ScriptableObject for setting a matrix property in a material
MaterialSetRenderQueueVFXSO	class	MaterialVFXSO	SombraStudios.Shared.VFX.PropertySO	VFX/PropertySO/Material/MaterialSetRenderQueueVFXSO.cs	-	ScriptableObject for setting the render queue of materials
MaterialSetShaderVFXSO	class	MaterialVFXSO	SombraStudios.Shared.VFX.PropertySO	VFX/PropertySO/Material/MaterialSetShaderVFXSO.cs	-	ScriptableObject for setting a shader on materials
MaterialSetTextureVFXSO	class	MaterialPropertyVFXSO	SombraStudios.Shared.VFX.PropertySO	VFX/PropertySO/Material/MaterialSetTextureVFXSO.cs	-	ScriptableObject for setting a texture property in a material
MaterialSetVectorArrayVFXSO	class	MaterialPropertyVFXSO	SombraStudios.Shared.VFX.PropertySO	VFX/PropertySO/Material/MaterialSetVectorArrayVFXSO.cs	-	ScriptableObject for setting a vector array property in a material
MaterialSetVectorVFXSO	class	MaterialPropertyVFXSO	SombraStudios.Shared.VFX.PropertySO	VFX/PropertySO/Material/MaterialSetVectorVFXSO.cs	-	ScriptableObject for setting a vector property in a material
MaterialVFXSO<T>	class	VFXPropertySO	SombraStudios.Shared.VFX.PropertySO	VFX/PropertySO/Material/MaterialVFXSO.cs	-	-
MergeScenesStrategy	class	SceneStrategy	SombraStudios.Shared.Scenes.Strategies	Scenes/Strategies/MergeScenesStrategy.cs	-	Strategy for merging the contents of a source scene into a destination scene
MirrorTransformPosition	class	MonoBehaviour	SombraStudios.Shared.Utility.Mirror	Utility/Mirror/MirrorTransformPosition.cs	-	This class mirrors the position of specified targets along a given axis
MirrorTransformRotation	class	MonoBehaviour	SombraStudios.Shared.Utility.Mirror	Utility/Mirror/MirrorTransformRotation.cs	-	This class mirrors the rotation of specified targets along a given axis
MirrorTransformScale	class	MonoBehaviour	SombraStudios.Shared.Utility.Mirror	Utility/Mirror/MirrorTransformScale.cs	-	This class mirrors the scale of specified targets along a given axis
ModifierOperationType	enum	-	SombraStudios.Shared.Systems.Stats	Systems/Stats/StatModifiers/ModifierOperationType.cs	-	Represents the type of operation a stat modifier performs
MonoBehaviourCountdownTimer	class	MonoBehaviourTimer	SombraStudios.Shared.Utility.Timers.Unity	Utility/Timers/Unity/MonoBehaviourCountdownTimer.cs	-	-
MonoBehaviourExtensions	class	-	SombraStudios.Shared.Extensions	Extensions/MonoBehaviourExtensions.cs	-	Extension methods for MonoBehaviour classes
MonoBehaviourFrequencyTimer	class	MonoBehaviourTimer	SombraStudios.Shared.Utility.Timers.Unity	Utility/Timers/Unity/MonoBehaviourFrequencyTimer.cs	-	-
MonoBehaviourIntervalTimer	class	MonoBehaviourTimer	SombraStudios.Shared.Utility.Timers.Unity	Utility/Timers/Unity/MonoBehaviourIntervalTimer.cs	-	-
MonoBehaviourLogger	class	MonoBehaviour	SombraStudios.Shared.Utility.Loggers	Utility/Loggers/MonoBehaviourLogger.cs	-	A MonoBehaviour-based logger service that logs messages to the Unity console with optional color-coded prefixes
MonoBehaviourStopwatchTimer	class	MonoBehaviourTimer	SombraStudios.Shared.Utility.Timers.Unity	Utility/Timers/Unity/MonoBehaviourStopwatchTimer.cs	-	-
MonoBehaviourTimer<T>	class	MonoBehaviour	SombraStudios.Shared.Utility.Timers.Unity	Utility/Timers/Unity/MonoBehaviourTimer.cs	-	-
MouseOverGUI	class	MonoBehaviour	SombraStudios.Shared.UI	UI/MouseOverGUI.cs	-	IsPointerOverGameObject function to check if mouse is over GUI
Move	class	MonoBehaviour	SombraStudios.Shared.Gameplay.Movement2D	Gameplay/Movement2D/Move.cs	-	Move script with look at option
MovementCharacterController	class	MonoBehaviour	SombraStudios.Shared.Gameplay.PlayerMovement3D	Gameplay/PlayerMovement3D/MovementCharacterController.cs	-	Apply movement to a game object with keyboard input and Character Controller
MovementLerpCoroutine	class	MonoBehaviour	SombraStudios.Shared.Gameplay.PlayerMovement3D	Gameplay/PlayerMovement3D/MovementLerpCoroutine.cs	-	When receive a Target move the gameObject with lerp
MovementNavMeshAgent	class	MonoBehaviour	SombraStudios.Shared.Gameplay.PlayerMovement3D	Gameplay/PlayerMovement3D/MovementNavMeshAgent.cs	-	Apply movement to a game object with mouse input and NavMeshAgent
MovementRigidbody	class	MonoBehaviour	SombraStudios.Shared.Gameplay.PlayerMovement3D	Gameplay/PlayerMovement3D/MovementRigidbody.cs	-	Apply movement to a game object with keyboard input and Rigidbody Support Forces and MovePosition methods
MovementTransform	class	MonoBehaviour	SombraStudios.Shared.Gameplay.PlayerMovement3D	Gameplay/PlayerMovement3D/MovementTransform.cs	-	Apply movement to a game object with keyboard input and Transform position
MovementWithMouse	class	MonoBehaviour	SombraStudios.Shared.Gameplay.PlayerMovement3D	Gameplay/PlayerMovement3D/MovementWithMouse.cs	-	Send a position to a coroutine to move an object with lerp Object require MovementLerpCoroutine.cs script
MoveTowardsController	class	MonoBehaviour	SombraStudios.Shared.Gameplay.Behaviours.MoveTowards	Gameplay/Behaviours/MoveTowards/MoveTowardsController.cs	-	Controller to handle the Move Towards functionality on an object
MoveTowardsSO	class	ScriptableObject	SombraStudios.Shared.Gameplay.Behaviours.MoveTowards	Gameplay/Behaviours/MoveTowards/MoveTowardsSO.cs	-	ScriptableObject to store settings for the Move Towards functionality
MPBSetColorVFXSO	class	MaterialPropertyBlockPropertyVFXSO	SombraStudios.Shared.VFX.PropertySO	VFX/PropertySO/MaterialPropertyBlock/MPBSetColorVFXSO.cs	-	ScriptableObject for setting a Color property in a MaterialPropertyBlock
MPBSetFloatArrayVFXSO	class	MaterialPropertyBlockPropertyVFXSO	SombraStudios.Shared.VFX.PropertySO	VFX/PropertySO/MaterialPropertyBlock/MPBSetFloatArrayVFXSO.cs	-	ScriptableObject for setting a Float Array property in a MaterialPropertyBlock
MPBSetFloatVFXSO	class	MaterialPropertyBlockPropertyVFXSO	SombraStudios.Shared.VFX.PropertySO	VFX/PropertySO/MaterialPropertyBlock/MPBSetFloatVFXSO.cs	-	ScriptableObject for setting a Float property in a MaterialPropertyBlock
MPBSetIntegerVFXSO	class	MaterialPropertyBlockPropertyVFXSO	SombraStudios.Shared.VFX.PropertySO	VFX/PropertySO/MaterialPropertyBlock/MPBSetIntegerVFXSO.cs	-	ScriptableObject for setting a Integer property in a MaterialPropertyBlock
MPBSetMatrixArrayVFXSO	class	MaterialPropertyBlockPropertyVFXSO	SombraStudios.Shared.VFX.PropertySO	VFX/PropertySO/MaterialPropertyBlock/MPBSetMatrixArrayVFXSO.cs	-	ScriptableObject for setting a Matrix Array property in a MaterialPropertyBlock
MPBSetMatrixVFXSO	class	MaterialPropertyBlockPropertyVFXSO	SombraStudios.Shared.VFX.PropertySO	VFX/PropertySO/MaterialPropertyBlock/MPBSetMatrixVFXSO.cs	-	ScriptableObject for setting a Matrix property in a MaterialPropertyBlock
MPBSetTextureVFXSO	class	MaterialPropertyBlockPropertyVFXSO	SombraStudios.Shared.VFX.PropertySO	VFX/PropertySO/MaterialPropertyBlock/MPBSetTextureVFXSO.cs	-	ScriptableObject for setting a Texture property in a MaterialPropertyBlock
MPBSetVectorArrayVFXSO	class	MaterialPropertyBlockPropertyVFXSO	SombraStudios.Shared.VFX.PropertySO	VFX/PropertySO/MaterialPropertyBlock/MPBSetVectorArrayVFXSO.cs	-	ScriptableObject for setting a Vector Array property in a MaterialPropertyBlock
MPBSetVectorVFXSO	class	MaterialPropertyBlockPropertyVFXSO	SombraStudios.Shared.VFX.PropertySO	VFX/PropertySO/MaterialPropertyBlock/MPBSetVectorVFXSO.cs	-	ScriptableObject for setting a Vector property in a MaterialPropertyBlock
MultiStrategySO	class	StrategySO	SombraStudios.Shared.ScriptableObjects.Patterns.Behavioural.Strategy	ScriptableObjects/Patterns/Behavioural/Strategy/MultiStrategySO.cs	-	Represents a strategy that consists of multiple parameterless strategies to be executed sequentially
MultiStrategySO<T>	class	StrategySO	SombraStudios.Shared.ScriptableObjects.Patterns.Behavioural.Strategy	ScriptableObjects/Patterns/Behavioural/Strategy/MultiStrategySO.cs	-	Represents a strategy that consists of multiple strategies to be executed sequentially
MultiVisitorSO	class	VisitorSO	SombraStudios.Shared.Patterns.Behavioural.Visitor	Patterns/Behavioural/Visitor/MultiVisitorSO.cs	-	-
MultiVisitorSO<T>	class	VisitorSO	SombraStudios.Shared.Patterns.Behavioural.Visitor	Patterns/Behavioural/Visitor/MultiVisitorSO.cs	-	Generic ScriptableObject that allows multiple typed visitors to visit a visitable element of a specific type
NetworkCommandLine	class	MonoBehaviour	SombraStudios.Shared.Networking.Netcode	Networking/Netcode/NetworkCommandLine.cs	REQUIRES_EXTERNAL_PACKAGE	Class to launch our project outside Unity using command line
NetworkVariableExample	class	NetworkBehaviour	SombraStudios.Shared.Networking.Netcode	Networking/Netcode/NetworkVariableExample.cs	REQUIRES_EXTERNAL_PACKAGE	Example Class of a Network Variable of type Vector3 where the server directly modify the Variable
NoInternetController	class	Singleton	SombraStudios.Shared.Utility	Utility/NoInternetController.cs	!UNITY_WEBGL	-
NotConditionSO	class	ConditionSO	SombraStudios.Shared.ScriptableObjects.Conditions	ScriptableObjects/Conditions/NotConditionSO.cs	-	Represents a condition that negates the result of another condition
NotificationManager	class	MonoBehaviour	SombraStudios.Shared.Services.Notifications	Services/Notifications/NotificationManager.cs	-	Unity Mobile Notifications documentation: https://docs.unity3d.com/Packages/com.unity.mobile.notifications@2.3/manual/index.html
NullReferenceChecker	class	-	SombraStudios.Shared.Utility.NullReferenceChecker	Utility/NullReferenceChecker/NullReferenceChecker.cs	-	Utility class to check for unassigned required fields in MonoBehaviours and ScriptableObjects
ObjectAdapter	class	MonoBehaviour	SombraStudios.Shared.Examples.Patterns.Structural.Adapter.Object	Examples/Patterns/Structural/Adapter/Object/ObjectAdapter.cs	-	Converts the interface of one object so that another object can understand it
ObjectExtensions	class	-	SombraStudios.Shared.Extensions	Extensions/ObjectExtensions.cs	-	Provides extension methods for working with objects, including handling null references and destroyed Unity objects
ObjectInCameraFrustum	class	MonoBehaviour	SombraStudios.Shared.Utility	Utility/ObjectInCameraFrustum.cs	-	Detect collider being seen by the camera
ObjectInCameraViewport	class	MonoBehaviour	SombraStudios.Shared.Utility	Utility/ObjectInCameraViewport.cs	-	Detects if the position of an object is inside Camera Viewport
ObjectiveEventChannelSO	class	GenericEventChannelSO	SombraStudios.Shared.Systems.Objectives	Systems/Objectives/ObjectiveEventChannelSO.cs	-	ScriptableObject event channel for events with a ObjectiveSO parameter
ObjectiveManager	class	MonoBehaviour	SombraStudios.Shared.Systems.Objectives	Systems/Objectives/ObjectiveManager.cs	-	Manages gameplay objectives and tracks their completion status
ObjectiveSO	class	ScriptableObject	SombraStudios.Shared.Systems.Objectives	Systems/Objectives/ObjectiveSO.cs	-	Base class for a ScriptableObject-based game objective
ObjectShooter2D	class	MonoBehaviour	SombraStudios.Shared.Gameplay.Spawners	Gameplay/Spawners/ObjectShooter2D.cs	-	Shooter script Required: Must exists a "Bullet" tag and Player tag must be used
ObservableRuntimeSetSO<T>	class	ScriptableObject	SombraStudios.Shared.ScriptableObjects.RuntimeSets	ScriptableObjects/RuntimeSets/ObservableRuntimeSetSO.cs	-	An abstract base class for creating observable runtime sets of ScriptableObjects
ObservedList<T>	class	IList	SombraStudios.Shared.Utility	Utility/ObservedList.cs	-	-
ObservedList<T>.ChangedDelegate	delegate	-	SombraStudios.Shared.Utility	Utility/ObservedList.cs	-	-
Observer	class	MonoBehaviour	SombraStudios.Shared.Examples.Patterns.Behavioural.Observer	Examples/Patterns/Behavioural/Observer/Observer.cs	-	Observer Pattern 1- Create an event Action (or any other type of event) 2- Create a method to invoke the event
OnInteract	class	MonoBehaviour	SombraStudios.Shared.Gameplay	Gameplay/OnInteract.cs	-	-
OnTilt	class	MonoBehaviour	SombraStudios.Shared.Gameplay	Gameplay/OnTilt.cs	-	Runs functionality when an object is tilted
OnTriggerEvent	class	MonoBehaviour	SombraStudios.Shared.Gameplay	Gameplay/OnTriggerEvent.cs	-	-
OnVelocity	class	MonoBehaviour	SombraStudios.Shared.Physics	Physics/OnVelocity.cs	-	Calls events for when the velocity of this objects breaks the begin and end threshold
OptionalAttribute	class	PropertyAttribute	SombraStudios.Shared.Utility.NullReferenceChecker	Utility/NullReferenceChecker/OptionalAttribute.cs	-	A custom PropertyAttribute to bypass the above Validate check
OrConditionSO	class	ConditionSO	SombraStudios.Shared.ScriptableObjects.Conditions	ScriptableObjects/Conditions/OrConditionSO.cs	-	Represents a condition that evaluates to if any of the specified sub-conditions are valid
ParallaxController	class	MonoBehaviour	SombraStudios.Shared.VFX.Parallax	VFX/Parallax/ParallaxController.cs	-	Finds all of the gameObjects that have a ParallaxLayer.cs script, and moves them!
ParallaxController.ParallaxCameraDelegate	delegate	-	SombraStudios.Shared.VFX.Parallax	VFX/Parallax/ParallaxController.cs	-	-
ParallaxLayer	class	MonoBehaviour	SombraStudios.Shared.VFX.Parallax	VFX/Parallax/ParallaxLayer.cs	-	Allows the controller to move each layer based on the parallaxAmount!
ParentSetter	class	MonoBehaviour	SombraStudios.Shared.Utility	Utility/ParentSetter.cs	-	Class to set the parent of a GameObject and apply position and rotation offsets
ParticleSystemComponentSearchWindow	class	ComponentSearchWindow	SombraStudios.Shared.Tools.Search.AssetOrComponent	Tools/Search/AssetOrComponent/ParticleSystemComponentSearchWindow.cs	-	Custom Editor window to search for ParticleSystem components
ParticleSystemStoppedAction	class	MonoBehaviour	SombraStudios.Shared.VFX	VFX/ParticleSystemStoppedAction.cs	-	-
Patrol	class	MonoBehaviour	SombraStudios.Shared.Gameplay.Movement2D	Gameplay/Movement2D/Patrol.cs	-	Patrol script with waypoints
PersistentSingleton<T>	class	MonoBehaviour	SombraStudios.Shared.Patterns.Creational.Singleton	Patterns/Creational/Singleton/PersistentSingleton.cs	-	Base class for creating persistent singletons in Unity
PhysicInteractionEventType	enum	-	SombraStudios.Shared.Physics.Events	Physics/Events/PhysicInteractionEventType.cs	-	Types of physics interaction events
PhysicsEventHandlerBase<T>	class	MonoBehaviour	SombraStudios.Shared.Physics.Events	Physics/Events/PhysicsEventHandlerBase.cs	-	Base class for handling physics events
PickUpAndHold2D	class	MonoBehaviour	SombraStudios.Shared.Gameplay	Gameplay/PickUpAndHold2D.cs	-	Pick up and hold objects script using parenting and de parenting
PingPongLight	class	MonoBehaviour	SombraStudios.Shared.VFX	VFX/PingPongLight.cs	-	Increase and decrease the light from 0 to a max during a time
PlatformConditionSO	class	ConditionSO	SombraStudios.Shared.ScriptableObjects.Conditions	ScriptableObjects/Conditions/PlatformConditionSO.cs	-	Represents a condition that evaluates whether the current runtime platform matches any of the specified valid platforms
PlayerMovement2DTopDown	class	MonoBehaviour	SombraStudios.Shared.Gameplay.PlayerMovement2D	Gameplay/PlayerMovement2D/PlayerMovement2DTopDown.cs	-	Handles top-down 2D player movement, supporting both legacy and new input systems
PlayerMoveOnSphere	class	MonoBehaviour	SombraStudios.Shared.Gameplay.PlayerMovement3D	Gameplay/PlayerMovement3D/PlayerMoveOnSphere.cs	CINEMACHINE	Move an object with Input around a SphereCollider
PlayerStats	struct	-	StyleSheet	CodeStyle.cs	-	-
PlayQuickSound	class	MonoBehaviour	SombraStudios.Shared.Audio	Audio/PlayQuickSound.cs	-	Play a simple sound using PlayOneShot with volume and randomized pitch
PointerHandlers	class	MonoBehaviour	SombraStudios.Shared.UI	UI/PointerHandlers.cs	-	Unity Pointer handlers interfaces for UI mouse events
PredefinedAssemblyUtil	class	-	SombraStudios.Shared.Patterns.Behavioural.Observer.EventBus	Patterns/Behavioural/Observer/EventBus/PredefinedAssemblyUtil.cs	-	A utility class, PredefinedAssemblyUtil, provides methods to interact with predefined assemblies
PredicateExample	class	MonoBehaviour	SombraStudios.Shared.Examples.Delegates	Examples/Delegates/PredicateExample.cs	-	Store a function in a variable with Predicate
PrefabInstantiateOnLoad	class	MonoBehaviour	SombraStudios.Shared.Utility.PrefabInstantiateOnLoad	Utility/PrefabInstantiateOnLoad/PrefabInstantiateOnLoad.cs	-	Creates on intialize a list of prefabs saved on Resources folder It can differentiate between all RuntimeInitializeLoadType Each correspo...
PrefabInstantiateOnLoadEditor	class	-	SombraStudios.Shared.Utility.PrefabInstantiateOnLoad	Utility/PrefabInstantiateOnLoad/PrefabInstantiateOnLoadEditor.cs	UNITY_EDITOR	Create a Menu Item for each RuntimeInitializeLoadType scriptable object list
PrefabInstantiateOnLoadSO	class	ScriptableObject	SombraStudios.Shared.Utility.PrefabInstantiateOnLoad	Utility/PrefabInstantiateOnLoad/PrefabInstantiateOnLoadSO.cs	-	-
ProgramExample	class	MonoBehaviour	SombraStudios.Shared.Examples.Patterns.Structural.Facade	Examples/Patterns/Structural/Facade/ProgramExample.cs	-	-
ProgramExample.Client	class	-	SombraStudios.Shared.Examples.Patterns.Structural.Facade	Examples/Patterns/Structural/Facade/ProgramExample.cs	-	-
ProgramExample.Facade	class	-	SombraStudios.Shared.Examples.Patterns.Structural.Facade	Examples/Patterns/Structural/Facade/ProgramExample.cs	-	-
ProgramExample.Subsystem1	class	-	SombraStudios.Shared.Examples.Patterns.Structural.Facade	Examples/Patterns/Structural/Facade/ProgramExample.cs	-	-
ProgramExample.Subsystem2	class	-	SombraStudios.Shared.Examples.Patterns.Structural.Facade	Examples/Patterns/Structural/Facade/ProgramExample.cs	-	-
Push	class	MonoBehaviour	SombraStudios.Shared.Gameplay.Movement2D	Gameplay/Movement2D/Push.cs	-	Push script
QuitStrategy	class	SceneStrategy	SombraStudios.Shared.Scenes.Strategies	Scenes/Strategies/QuitStrategy.cs	-	Strategy for quitting the application
RackData	struct	-	SombraStudios.Shared.Audio.System	Audio/System/RackData.cs	-	Represents data for configuring an audio rack
Ragdoll	class	MonoBehaviour	SombraStudios.Shared.Gameplay	Gameplay/Ragdoll.cs	-	Requirement: Crete a ragdoll from a Humanoid object
RaiseEventActionSO	class	EventActionSO	SombraStudios.Shared.Systems.Events	Systems/Events/EventActions/RaiseEventActionSO.cs	-	-
RandomAssemblySprites	class	MonoBehaviour	SombraStudios.Shared.Utility.Sprites	Utility/Sprites/RandomAssemblySprites.cs	-	It could be attached to a NPC or Player to randomly generate characters
RandomColor	class	MonoBehaviour	SombraStudios.Shared.VFX	VFX/RandomColor.cs	-	Asign a random color to the material
RangedFloat	struct	IEquatable	SombraStudios.Shared.Structs	Structs/RangedFloat.cs	-	Represents a range of float values with a minimum and maximum value
RangedFloatTests	class	-	SombraStudios.Shared.Tests.Structs	Tests/EditMode/Structs/RangedFloatTests.cs	-	-
RangedInt	struct	IEquatable	SombraStudios.Shared.Structs	Structs/RangedInt.cs	-	Represents a range of integer values with a minimum and maximum value
RangedIntTests	class	-	SombraStudios.Shared.Tests.Structs	Tests/EditMode/Structs/RangedIntTests.cs	-	-
RaycastFootstepController	class	FootstepController	SombraStudios.Shared.Audio.Footsteps	Audio/Footsteps/RaycastFootstepController.cs	-	Select an audio clip list with a RayCast to the floor
ReadmeEditor	class	Editor	SombraStudios.Shared.Editor	Editor/ReadmeEditor.cs	UNITY_EDITOR	Editor script for the readme scriptable object Credits to: rich-joslin-unity
ReadmeSO	class	ScriptableObject	SombraStudios.Shared.Editor	Editor/ReadmeSO.cs	-	SO used for the Editor Readme Script It supports Title, icon, headers, body, format, boxes, bullet list and links Credits to: rich-joslin...
ReadmeSO.BulletItemLevel1	class	-	SombraStudios.Shared.Editor	Editor/ReadmeSO.cs	-	-
ReadmeSO.BulletItemLevel2	class	-	SombraStudios.Shared.Editor	Editor/ReadmeSO.cs	-	-
ReadmeSO.BulletItemLevel3	class	-	SombraStudios.Shared.Editor	Editor/ReadmeSO.cs	-	-
ReadmeSO.FontFormat	enum	-	SombraStudios.Shared.Editor	Editor/ReadmeSO.cs	-	-
ReadmeSO.Header	class	-	SombraStudios.Shared.Editor	Editor/ReadmeSO.cs	-	-
ReadmeSO.LinkListItem	class	-	SombraStudios.Shared.Editor	Editor/ReadmeSO.cs	-	-
ReadmeSO.Section	class	-	SombraStudios.Shared.Editor	Editor/ReadmeSO.cs	-	-
ReadOnlyAttribute	class	PropertyAttribute	SombraStudios.Shared.Attributes	Attributes/ReadOnlyAttribute.cs	-	Display a field as read-only in the inspector
ReadOnlyPropertyDrawer	class	PropertyDrawer	SombraStudios.Shared.Attributes.Editor	Attributes/Editor/ReadOnlyPropertyDrawer.cs	UNITY_EDITOR	-
ReferenceBinder	class	MonoBehaviour	SombraStudios.Shared.Utility.ReferenceBinder	Utility/ReferenceBinder/ReferenceBinder.cs	-	Utility for managing and efficiently accessing component references
ReferenceSearchWindow	class	EditorWindow	SombraStudios.Shared.Tools.Search.Reference	Tools/Search/Reference/ReferenceSearchWindow.cs	-	A window for finding references to a specific component or gameObject in the current scene or prefab
RegulatorSingleton<T>	class	MonoBehaviour	SombraStudios.Shared.Patterns.Creational.Singleton	Patterns/Creational/Singleton/RegulatorSingleton.cs	-	Persistent Regulator Singleton, will destroy any other older instances of the same type it finds on awake
ReleaseBuildComponentDestroyer	class	MonoBehaviour	SombraStudios.Shared.Utility.Destroyer	Utility/Destroyer/ReleaseBuildComponentDestroyer.cs	-	Destroys specified script components if the build is a release build
ReleaseBuildGameObjectDestroyer	class	MonoBehaviour	SombraStudios.Shared.Utility.Destroyer	Utility/Destroyer/ReleaseBuildGameObjectDestroyer.cs	-	Destroys the GameObject this script is attached to if the build is a release build
ReloadSceneStrategy	class	SceneStrategy	SombraStudios.Shared.Scenes.Strategies	Scenes/Strategies/ReloadSceneStrategy.cs	-	Strategy for reloading the current active scene
RemoveDontDestroyOnLoad	class	MonoBehaviour	SombraStudios.Shared.Utility.DontDestroy	Utility/DontDestroy/RemoveDontDestroyOnLoad.cs	-	Utility script to remove a GameObject from DontDestroyOnLoad and move it back to the active scene
RemoveDontDestroyOnLoad.RunType	enum	-	SombraStudios.Shared.Utility.DontDestroy	Utility/DontDestroy/RemoveDontDestroyOnLoad.cs	-	Enum to specify when the removal from DontDestroyOnLoad should occur
ResizePanel	class	MonoBehaviour	SombraStudios.Shared.UI.PanelDragAndResize	UI/PanelDragAndResize/ResizePanel.cs	-	-
Resource<T>	class	struct	SombraStudios.Shared.Systems.Resource	Systems/Resource/Generics/Resource.cs	-	Base class for all resources
ResourcesExtensions	class	-	SombraStudios.Shared.Extensions	Extensions/ResourcesExtensions.cs	UNITY_RENDER_PIPELINES_CORE	Extension methods for loading assets out of a 'Resources' folder
ResourceSO<T>	class	ScriptableObject	SombraStudios.Shared.Systems.Resource	Systems/Resource/Generics/ResourceSO.cs	-	ScriptableObject class to hold resource data
ResourceSystem<T>	class	MonoBehaviour	SombraStudios.Shared.Systems.Resource	Systems/Resource/Generics/ResourceSystem.cs	-	Abstract base class for resource systems
ResourceSystem<T>.RegenerationData<T>	struct	struct	SombraStudios.Shared.Systems.Resource	Systems/Resource/Generics/ResourceSystem.cs	-	Data structure for resource regeneration
ResourceSystemClient	class	FloatResourceSystem	SombraStudios.Shared.Systems.Resource	Systems/Resource/ResourceSystemClient.cs	-	Example client script testing a Player Health
ResourceSystemData	class	-	SombraStudios.Shared.Systems.Resource	Systems/Resource/ResourceSystemData.cs	-	Represents data related to the state of a resource system, including current amount, maximum amount, percentage, and various flags indica...
ResourceSystemDataSO<T>	class	ResourceSO	SombraStudios.Shared.Systems.Resource	Systems/Resource/Generics/ResourceSystemDataSO.cs	-	ScriptableObject class to hold resource system data with cooldown durations
ReturnToPool	class	MonoBehaviour	SombraStudios.Shared.Optimization	Optimization/ReturnToPool.cs	-	This component returns the object to the pool when Its disabled
RevertVFXOnStateExit	class	StateMachineBehaviour	SombraStudios.Shared.VFX.PropertySO	VFX/PropertySO/RevertVFXOnStateExit.cs	-	StateMachineBehaviour that reverts VFX properties on state exit
RewardedAdsButton	class	MonoBehaviour	SombraStudios.Shared.Services.Advertisement	Services/Advertisement/RewardedAdsButton.cs	UNITY_ADVERTISEMENTS	Example Class for Rewarded Advertisement using a button
Rotate	class	MonoBehaviour	SombraStudios.Shared.Gameplay.Movement2D	Gameplay/Movement2D/Rotate.cs	-	Rotate scripts using forces
RpcTest	class	NetworkBehaviour	SombraStudios.Shared.Networking.Netcode	Networking/Netcode/RpcTest.cs	REQUIRES_EXTERNAL_PACKAGE	Small Class example of the RPC messaging system
RuntimeSetSO<T>	class	ScriptableObject	SombraStudios.Shared.ScriptableObjects.RuntimeSets	ScriptableObjects/RuntimeSets/RuntimeSetSO.cs	-	A generic runtime set ScriptableObject that holds a list of items of type T
SafeArea	class	MonoBehaviour	SombraStudios.Shared.UI.Mobile	UI/Mobile/SafeArea.cs	-	Adjusts the RectTransform based on the device's safe area
SceneAssetSO	class	ScriptableObject	SombraStudios.Shared.Scenes.SceneAsset	Scenes/SceneAsset/SceneAssetSO.cs	-	-
SceneChangeTool	class	-	SombraStudios.Shared.Scenes.Editor	Scenes/Editor/SceneChangeTool.cs	UNITY_EDITOR	Adds a dropdown to the Editor's main toolbar that switches between the scenes registered in Build Settings, without having to locate them...
ScenePartLoader	class	MonoBehaviour	SombraStudios.Shared.Scenes	Scenes/ScenePartLoader.cs	-	-
SceneStrategy	class	StrategySO	SombraStudios.Shared.Scenes.Strategies	Scenes/Strategies/SceneStrategy.cs	-	Abstract base class for defining scene-related strategies
SceneStrategy<T>	class	StrategySO	SombraStudios.Shared.Scenes.Strategies	Scenes/Strategies/SceneStrategy.cs	-	Abstract generic base class for defining scene-related strategies with a specific type
ScreenBounds	class	MonoBehaviour	SombraStudios.Shared.Utility	Utility/ScreenBounds.cs	-	Contains static methods and fields for determining screen bounds
ScreenshotTaker	class	MonoBehaviour	SombraStudios.Shared.Tools	Tools/ScreenshotTaker.cs	UNITY_EDITOR	Utility Class for taking a screenshot from the editor using a menu item
ScriptableObjectChecker	class	BuildPlayerProcessor	SombraStudios.Shared.ScriptableObjects.Editor	ScriptableObjects/Editor/ScriptableObjectChecker.cs	UNITY_EDITOR	Checks for duplicate ScriptableObject IDs before building
ScriptableObjectIdAttribute	class	PropertyAttribute	SombraStudios.Shared.Attributes	Attributes/ScriptableObjectIdAttribute.cs	-	Attribute for marking a property as a ScriptableObject ID
ScriptableObjectIdDrawer	class	PropertyDrawer	SombraStudios.Shared.Attributes.Editor	Attributes/Editor/ScriptableObjectIdDrawer.cs	UNITY_EDITOR	Custom drawer for the ScriptableObject ID attribute
SearchOptions	enum	-	SombraStudios.Shared.Tools.Search.AssetOrComponent	Tools/Search/AssetOrComponent/Base/SearchWindow.cs	-	Enumeration of the different search options available
SearchWindow<T>	class	EditorWindow	SombraStudios.Shared.Tools.Search.AssetOrComponent	Tools/Search/AssetOrComponent/Base/SearchWindow.cs	-	Abstract base class for creating a custom Editor window to find various assets or objects
SelectionWithRaycast	class	MonoBehaviour	SombraStudios.Shared.Gameplay	Gameplay/SelectionWithRaycast.cs	-	Raycast script for mouse object selection
ServiceLocator	class	MonoBehaviour	SombraStudios.Shared.Patterns.InversionOfControl.ServiceLocator	Patterns/InversionOfControl/ServiceLocator/ServiceLocator.cs	-	-
ServiceLocatorGlobal	class	Bootstrapper	SombraStudios.Shared.Patterns.InversionOfControl.ServiceLocator	Patterns/InversionOfControl/ServiceLocator/ServiceLocatorGlobal.cs	-	-
ServiceLocatorScene	class	Bootstrapper	SombraStudios.Shared.Patterns.InversionOfControl.ServiceLocator	Patterns/InversionOfControl/ServiceLocator/ServiceLocatorScene.cs	-	-
ServiceManager	class	-	SombraStudios.Shared.Patterns.InversionOfControl.ServiceLocator	Patterns/InversionOfControl/ServiceLocator/ServiceManager.cs	-	-
SetActiveSceneStrategy	class	SceneStrategy	SombraStudios.Shared.Scenes.Strategies	Scenes/Strategies/SetActiveSceneStrategy.cs	-	-
SetBlendShapeVFXSO	class	VFXPropertySO	SombraStudios.Shared.VFX.PropertySO	VFX/PropertySO/BlendShape/SetBlendShapeVFXSO.cs	-	VFX to set a blend shape weight of a SkinnedMeshRenderer
SFXEntityHelper	class	MonoBehaviour	SombraStudios.Shared.Audio.System	Audio/System/Clients/SFXEntityHelper.cs	A_YELLOWPAPER_SERIALIZED_COLLECTIONS	Helper class for managing SFX and voice playback for entities
SFXInterruptableDictionary	class	SFXStringDictionary	SombraStudios.Shared.Audio.System	Audio/System/SFXInterruptableDictionary.cs	A_YELLOWPAPER_SERIALIZED_COLLECTIONS	Represents a dictionary mapping string keys to interruptable SFXRack instances
SFXLevelManager	class	Singleton	SombraStudios.Shared.Audio.System	Audio/System/Clients/SFXLevelManager.cs	NAUGHTY_ATTRIBUTES	Manages audio levels and playback in the game
SFXRack	class	-	SombraStudios.Shared.Audio.System	Audio/System/SFXRack.cs	-	Represents a rack containing audio data and an AudioSource instance
SFXScriptableSO	class	ScriptableObject	SombraStudios.Shared.Audio.System	Audio/System/SFXScriptableSO.cs	A_YELLOWPAPER_SERIALIZED_COLLECTIONS	Represents a ScriptableObject containing SFX and voice data
SFXStringDictionary	class	SerializedDictionary	SombraStudios.Shared.Audio.System	Audio/System/SFXStringDictionary.cs	A_YELLOWPAPER_SERIALIZED_COLLECTIONS	Represents a dictionary mapping string keys to SFXRack values
SimpleCameraController	class	MonoBehaviour	SombraStudios.Shared.Gameplay.UnityTemplateProjects	Gameplay/SimpleCameraController.cs	-	-
SimpleObjectPathing	class	MonoBehaviour	SombraStudios.Shared.Gameplay	Gameplay/SimpleObjectPathing.cs	-	Move the transform of an object through a list of waypoints
SingleReferenceSO<T>	class	ScriptableObject	SombraStudios.Shared.ScriptableObjects.RuntimeSets	ScriptableObjects/RuntimeSets/SingleReferenceSO.cs	-	A ScriptableObject that holds a single reference of type T
Singleton<T>	class	MonoBehaviour	SombraStudios.Shared.Patterns.Creational.Singleton	Patterns/Creational/Singleton/Singleton.cs	-	Utility class for creating Singleton classes derived from it
SOEventChannelListener	class	GenericEventChannelListener	SombraStudios.Shared.Patterns.Behavioural.Observer.ScriptableObjects	Patterns/Behavioural/Observer/ScriptableObjects/Listeners/Implementations/SOEventChannelListener.cs	-	A listener class for ScriptableObject event channels
SOEventChannelListListener	class	GenericEventChannelListListener	SombraStudios.Shared.Patterns.Behavioural.Observer.ScriptableObjects	Patterns/Behavioural/Observer/ScriptableObjects/Listeners/Implementations/SOEventChannelListListener.cs	-	A listener class for ScriptableObject event channels
SOEventChannelSO	class	GenericEventChannelSO	SombraStudios.Shared.Patterns.Behavioural.Observer.ScriptableObjects	Patterns/Behavioural/Observer/ScriptableObjects/EventChannels/SOEventChannelSO.cs	-	ScriptableObject event channel for events with a ScriptableObject parameter
SOEventChannelSOEditor	class	GenericEventChannelSOEditor	SombraStudios.Shared.Patterns.Behavioural.Observer.ScriptableObjects.Editor	Patterns/Behavioural/Observer/ScriptableObjects/Editor/SOEventChannelSOEditor.cs	-	This event channel broadcasts and carries Scriptable Object payload
SortingOrderController	class	MonoBehaviour	SombraStudios.Shared.Utility.Sprites	Utility/Sprites/SortingOrderController.cs	-	-
SortingOrderController.SortingMode	enum	-	SombraStudios.Shared.Utility.Sprites	Utility/Sprites/SortingOrderController.cs	-	-
SOWithId	class	ScriptableObject	SombraStudios.Shared.ScriptableObjects	ScriptableObjects/SOWithId.cs	-	Base class for ScriptableObjects with an ID
SpawnData	class	ScriptableObject	SombraStudios.Shared.Gameplay.Spawners	Gameplay/Spawners/SpawnData.cs	-	-
SpawnerArea2D	class	SpawnerAreaBase	SombraStudios.Shared.Gameplay.Spawners	Gameplay/Spawners/SpawnerArea2D.cs	-	SpawnerArea2D is responsible for spawning objects within a 2D rectangular area
SpawnerArea3D	class	SpawnerAreaBase	SombraStudios.Shared.Gameplay.Spawners	Gameplay/Spawners/SpawnerArea3D.cs	-	3D Area prefab Spawner with interval
SpawnerAreaBase	class	MonoBehaviour	SombraStudios.Shared.Gameplay.Spawners	Gameplay/Spawners/SpawnerAreaBase.cs	-	Base class for spawning objects within a defined area
SpawnerPosition	class	MonoBehaviour	SombraStudios.Shared.Gameplay.Spawners	Gameplay/Spawners/SpawnerPosition.cs	-	Handles spawning objects at predefined positions with specific settings
SpawnerPosition.ActiveSpawn	class	-	SombraStudios.Shared.Gameplay.Spawners	Gameplay/Spawners/SpawnerPosition.cs	-	Represents an active spawn configuration, including settings and spawn points
SpawnPoint	class	MonoBehaviour	SombraStudios.Shared.Systems.Teleport	Systems/Teleport/SpawnPoint.cs	-	Transform gameObject used as Teleporter destination
SplashScreenController	class	MonoBehaviour	SombraStudios.Shared.UI	UI/SplashScreenController.cs	-	Simple Splash screen controller that activates and deactivates objects Each object can set its own show duration time
SplashScreenLogo	class	MonoBehaviour	SombraStudios.Shared.UI	UI/SplashScreenLogo.cs	-	-
SplineController	class	MonoBehaviour	SombraStudios.Shared.Splines	Splines/SplineController.cs	-	Animates objects using Unity Splines package and Animation Curves Works either with Objects and UI Requieres: UnityEngine.Splines Documen...
StackStateMachine<TContext>	class	struct	SombraStudios.Shared.Patterns.Behavioural.StackStateMachine	Patterns/Behavioural/StackStateMachine/StackStateMachine.cs	-	Implements a stack-based state machine
Stat<T,TModifier>	class	IStat	SombraStudios.Shared.Systems.Stats	Systems/Stats/Stat.cs	-	Represents a stat with a base value and potential modifiers
StatBoolModifier	class	StatModifier	SombraStudios.Shared.Systems.Stats	Systems/Stats/StatModifiers/StatBoolModifier.cs	-	Represents a modifier for a boolean stat
StatClientExample	class	MonoBehaviour	SombraStudios.Shared.Systems.Stats	Systems/Stats/StatClientExample.cs	-	An example script for using the Stat system
StatContainer	class	-	SombraStudios.Shared.Systems.Stats	Systems/Stats/StatContainer.cs	-	Represents a container for stats
State	class	-	SombraStudios.Shared.Examples.Patterns.Behavioural.State	Examples/Patterns/Behavioural/State/State.cs	-	The State interface declares the state-specific methods
State<TContext>	class	struct	SombraStudios.Shared.Patterns.Behavioural.StackStateMachine	Patterns/Behavioural/StackStateMachine/State.cs	-	Represents an abstract state in the state machine
StateClient	class	MonoBehaviour	SombraStudios.Shared.Examples.Patterns.Behavioural.State	Examples/Patterns/Behavioural/State/StateClient.cs	-	The client initiliaze the State Machine Behaviour In this example the Map is intialize with the Player Base behaviour Then during gamepla...
StateContext	class	AbstractStateContext	SombraStudios.Shared.Examples.Patterns.Behavioural.State	Examples/Patterns/Behavioural/State/StateContext.cs	-	To switch the state of the context, create an instance of one of the state classes and pass it to the context
StateMachine	class	-	SombraStudios.Shared.Patterns.Behavioural.FiniteStateMachine	Patterns/Behavioural/FiniteStateMachine/StateMachine.cs	-	Represents a finite state machine
StateMachineClient	class	MonoBehaviour	SombraStudios.Shared.Patterns.Behavioural.FiniteStateMachine	Patterns/Behavioural/FiniteStateMachine/StateMachineClient.cs	-	Base class for objects that use a state machine
StatFactory	class	-	SombraStudios.Shared.Systems.Stats	Systems/Stats/StatFactory.cs	-	Factory class to create stat instances based on the type of the stat data
StatFloatModifier	class	StatModifier	SombraStudios.Shared.Systems.Stats	Systems/Stats/StatModifiers/StatFloatModifier.cs	-	Represents a modifier for a float stat
StatIntModifier	class	StatModifier	SombraStudios.Shared.Systems.Stats	Systems/Stats/StatModifiers/StatIntModifier.cs	-	Represents a modifier for an integer stat
StatModifier<T>	class	-	SombraStudios.Shared.Systems.Stats	Systems/Stats/StatModifiers/StatModifier.cs	-	Represents a modifier for a stat
StatSheetSO	class	ScriptableObject	SombraStudios.Shared.Systems.Stats	Systems/Stats/StatSheetSO.cs	-	Represents a collection of stats
StopwatchTimer	class	Timer	SombraStudios.Shared.Utility.Timers.Core	Utility/Timers/Core/StopwatchTimer.cs	-	Timer that counts up from zero to infinity
StrategySO	class	StrategySO	SombraStudios.Shared.ScriptableObjects.Patterns.Behavioural.Strategy	ScriptableObjects/Patterns/Behavioural/Strategy/StrategySO.cs	-	Abstract base class for strategy pattern implementation using ScriptableObject
StrategySO<T>	class	SOWithId	SombraStudios.Shared.ScriptableObjects.Patterns.Behavioural.Strategy	ScriptableObjects/Patterns/Behavioural/Strategy/StrategySO.cs	-	Abstract base class for strategy pattern implementation using ScriptableObject
StringEncodingUtil	class	MonoBehaviour	SombraStudios.Shared.Utility	Utility/StringEncodingUtil.cs	-	Util class to return a string with the selected Encoding
StringEventChannelListener	class	GenericEventChannelListener	SombraStudios.Shared.Patterns.Behavioural.Observer.ScriptableObjects	Patterns/Behavioural/Observer/ScriptableObjects/Listeners/Implementations/StringEventChannelListener.cs	-	A listener class for string event channels
StringEventChannelListListener	class	GenericEventChannelListListener	SombraStudios.Shared.Patterns.Behavioural.Observer.ScriptableObjects	Patterns/Behavioural/Observer/ScriptableObjects/Listeners/Implementations/StringEventChannelListListener.cs	-	A listener class for string event channels
StringEventChannelSO	class	GenericEventChannelSO	SombraStudios.Shared.Patterns.Behavioural.Observer.ScriptableObjects	Patterns/Behavioural/Observer/ScriptableObjects/EventChannels/StringEventChannelSO.cs	-	ScriptableObject event channel for events with a string parameter
StringEventChannelSOEditor	class	GenericEventChannelSOEditor	SombraStudios.Shared.Patterns.Behavioural.Observer.ScriptableObjects.Editor	Patterns/Behavioural/Observer/ScriptableObjects/Editor/StringEventChannelSOEditor.cs	-	This event channel broadcasts and carries String payload
StringValueSO	class	ScriptableObject	SombraStudios.Shared.ScriptableObjects.Values	ScriptableObjects/Values/StringValueSO.cs	-	ScriptableObject that stores a string value
TagAttribute	class	PropertyAttribute	SombraStudios.Shared.Attributes	Attributes/TagAttribute.cs	-	Displays a field with the list of Editor Tags Works only with string fields
TagPropertyDrawer	class	PropertyDrawer	SombraStudios.Shared.Attributes.Editor	Attributes/Editor/TagPropertyDrawer.cs	UNITY_EDITOR	-
TapestryEvent	class	-	SombraStudios.Shared.Patterns.Behavioural.Observer.StaticRegistry	Patterns/Behavioural/Observer/StaticRegistry/TapestryEvent.cs	-	Represents a basic event without parameters
TapestryEvent<T1,T2,T3,T4,T5>	class	-	SombraStudios.Shared.Patterns.Behavioural.Observer.StaticRegistry	Patterns/Behavioural/Observer/StaticRegistry/TapestryEvent.cs	-	Represents an event with five parameters
TapestryEvent<T1,T2,T3>	class	-	SombraStudios.Shared.Patterns.Behavioural.Observer.StaticRegistry	Patterns/Behavioural/Observer/StaticRegistry/TapestryEvent.cs	-	Represents an event with three parameters
TapestryEvent<T1,T2>	class	-	SombraStudios.Shared.Patterns.Behavioural.Observer.StaticRegistry	Patterns/Behavioural/Observer/StaticRegistry/TapestryEvent.cs	-	Represents an event with two parameters
TapestryEvent<T>	class	-	SombraStudios.Shared.Patterns.Behavioural.Observer.StaticRegistry	Patterns/Behavioural/Observer/StaticRegistry/TapestryEvent.cs	-	Represents an event with a single parameter
TapestryEventRegistry	class	-	SombraStudios.Shared.Patterns.Behavioural.Observer.StaticRegistry	Patterns/Behavioural/Observer/StaticRegistry/TapestryEventRegistry.cs	-	Static class containing Tapestry events with static references
TargetDataClass	class	-	SombraStudios.Shared.Examples.Patterns.Structural.Adapter.Class	Examples/Patterns/Structural/Adapter/Class/TargetDataClass.cs	-	-
TargetType	enum	-	SombraStudios.Shared.Tools.Search.AssetOrComponent	Tools/Search/AssetOrComponent/GameobjectWithTagOrLayerComponentSearchWindow.cs	-	Enum to specify the type of search (by tag or by layer)
Team	enum	-	SombraStudios.Shared.Enums	Enums/Team.cs	-	Enumeration representing different teams in a game
TeleportableNavMeshAgent	class	MonoBehaviour	SombraStudios.Shared.Systems.Teleport	Systems/Teleport/TeleportableNavMeshAgent.cs	-	Example NavMeshAgent component available to teleport
Teleporter	class	MonoBehaviour	SombraStudios.Shared.Systems.Teleport	Systems/Teleport/Teleporter.cs	-	Teleport behaviour to a SpawnPoint object inside the same scene or another one
TeleporterTrigger	class	MonoBehaviour	SombraStudios.Shared.Systems.Teleport	Systems/Teleport/TeleporterTrigger.cs	-	Uses the Teleport behaviour with a trigger to create a teleport zone
TeleportManager	class	PersistentSingleton	SombraStudios.Shared.Systems.Teleport	Systems/Teleport/TeleportManager.cs	-	Manages the registration and unregistration of spawn points
TestSO	class	ScriptableObject	StyleSheet	CodeStyle.cs	-	-
TextureOffset	class	MonoBehaviour	SombraStudios.Shared.VFX	VFX/TextureOffset.cs	-	Offseting the texture of a Sprite or UI Image to make a moving background
TileSelection	class	MonoBehaviour	SombraStudios.Shared.Tilemaps	Tilemaps/TileSelection.cs	-	Required: Tilemap must have a Collider2D
TiltObject	class	MonoBehaviour	SombraStudios.Shared.Gameplay	Gameplay/TiltObject.cs	-	Tilt an object sideways up to tiltAngle
TiltWindow	class	MonoBehaviour	SombraStudios.Shared.UI	UI/TiltWindow.cs	-	Tilt a transform based on the range defined
TimedSelfDestruct	class	MonoBehaviour	SombraStudios.Shared.Gameplay	Gameplay/TimedSelfDestruct.cs	-	Destroys the game object attached to, after certain time
Timer	class	-	SombraStudios.Shared.Utility.Timers.Core	Utility/Timers/Core/Timer.cs	-	Abstract base class for a timer
Timer	class	MonoBehaviour	SombraStudios.Shared.Utility.Timers.MonobehaviourTimer	Utility/Timers/OLD/Timer.cs	-	Timer Main Class: Manges time settings and runs timer
TimerButtons	class	MonoBehaviour	SombraStudios.Shared.Utility.Timers.MonobehaviourTimer	Utility/Timers/OLD/TimerButtons.cs	-	Optional Timer Class: Manage all the UI Buttons
TimerInput	class	MonoBehaviour	SombraStudios.Shared.Utility.Timers.MonobehaviourTimer	Utility/Timers/OLD/TimerInput.cs	-	Optional Timer Class: Manage all the UI input fields
TimeScaleClient	class	MonoBehaviour	SombraStudios.Shared.Utility.TimeScale	Utility/TimeScale/TimeScaleClient.cs	-	-
TimeScaleManager	class	Singleton	SombraStudios.Shared.Utility.TimeScale	Utility/TimeScale/TimeScaleManager.cs	-	-
Tolerance	class	-	SombraStudios.Shared.Utility	Utility/Tolerance.cs	-	-
TouchScreenKeyboardController	class	MonoBehaviour	SombraStudios.Shared.Utility.Mobile	Utility/Mobile/TouchScreenKeyboardController.cs	-	To take control of the Text Mesh Pro - Input Field Set True to Control Settings -> Hide Soft Keyboard This script should not work properl...
TransformExtensions	class	-	SombraStudios.Shared.Extensions	Extensions/TransformExtensions.cs	-	Extension methods for the Transform class
Transition	class	ITransition	SombraStudios.Shared.Patterns.Behavioural.FiniteStateMachine	Patterns/Behavioural/FiniteStateMachine/Transition.cs	-	Implementation of a transition between states in a state machine, guarded by a condition
TriggerEventHandler	class	TriggerEventHandlerBase	SombraStudios.Shared.Physics.Events	Physics/Events/TriggerEventHandler.cs	-	Handles trigger events for a 3D Rigidbody
TriggerEventHandler2D	class	TriggerEventHandlerBase	SombraStudios.Shared.Physics.Events	Physics/Events/TriggerEventHandler2D.cs	-	Handles trigger events for a 3D Rigidbody
TriggerEventHandlerBase<T>	class	PhysicsEventHandlerBase	SombraStudios.Shared.Physics.Events	Physics/Events/TriggerEventHandlerBase.cs	-	Base class for handling physics trigger events
UIDrag	class	MonoBehaviour	SombraStudios.Shared.UI	UI/UIDrag.cs	-	Drag UI elements In the Event Trigger create Drag and Drop events Assign this scripts and their corresponding methods
UIFade	class	MonoBehaviour	SombraStudios.Shared.UI	UI/UIFade.cs	-	Optimized and customizable CanvasGroup UI Fade script managed by an Animation Cruve Events: OnStartFade OnEndFade
UILogger	class	Singleton	SombraStudios.Shared.UI	UI/UILogger.cs	-	Util script to log over UI
UISteeringWheel	class	MonoBehaviour	SombraStudios.Shared.UI	UI/UISteeringWheel.cs	-	Represents a UI steering wheel control
UnityControllerMessagesHandler	class	MonoBehaviour	SombraStudios.Shared.Utility.UnityMessages	Utility/UnityMessages/UnityControllerMessagesHandler.cs	-	Documentation: https://docs.unity3d.com/ScriptReference/MonoBehaviour.html
UnityDecommissioningMessagesHandler	class	MonoBehaviour	SombraStudios.Shared.Utility.UnityMessages	Utility/UnityMessages/UnityDecommissioningMessagesHandler.cs	-	Documentation: https://docs.unity3d.com/Manual/ExecutionOrder.html
UnityEditorMessagesHandler	class	MonoBehaviour	SombraStudios.Shared.Utility.UnityMessages	Utility/UnityMessages/UnityEditorMessagesHandler.cs	-	Documentation: https://docs.unity3d.com/ScriptReference/MonoBehaviour.html
UnityGameLogicMessagesHandler	class	MonoBehaviour	SombraStudios.Shared.Utility.UnityMessages	Utility/UnityMessages/UnityGameLogicMessagesHandler.cs	-	Documentation: https://docs.unity3d.com/Manual/ExecutionOrder.html
UnityGizmosMessages	enum	-	SombraStudios.Shared.Enums	Enums/UnityGizmosMessages.cs	-	Enum representing Unity Gizmos drawing messages
UnityInitializationMessagesHandler	class	MonoBehaviour	SombraStudios.Shared.Utility.UnityMessages	Utility/UnityMessages/UnityInitializationMessagesHandler.cs	-	Documentation: https://docs.unity3d.com/Manual/ExecutionOrder.html
UnityMonoBehaviourMessages	enum	-	SombraStudios.Shared.Enums	Enums/UnityMonoBehaviourMessages.cs	-	Enum representing common Unity MonoBehaviour lifecycle messages
UnityMouseMessages	enum	-	SombraStudios.Shared.Enums	Enums/UnityMouseMessages.cs	-	Enum representing Unity mouse interaction messages
UnityOnMouseMessagesHandler	class	MonoBehaviour	SombraStudios.Shared.Utility.UnityMessages	Utility/UnityMessages/UnityOnMouseMessagesHandler.cs	-	Documentation: https://docs.unity3d.com/Manual/ExecutionOrder.html
UnityOnParticleMessagesHandler	class	MonoBehaviour	SombraStudios.Shared.Utility.UnityMessages	Utility/UnityMessages/UnityOnParticleMessagesHandler.cs	-	Documentation: https://docs.unity3d.com/ScriptReference/MonoBehaviour.html
UnityPausingAndFocusMessagesHandler	class	MonoBehaviour	SombraStudios.Shared.Utility.UnityMessages	Utility/UnityMessages/UnityPausingAndFocusMessagesHandler.cs	-	Documentation: https://docs.unity3d.com/ScriptReference/MonoBehaviour.html
UnityPhysics2DCollisionMessagesHandler	class	MonoBehaviour	SombraStudios.Shared.Utility.UnityMessages	Utility/UnityMessages/UnityPhysics2DCollisionMessagesHandler.cs	-	Documentation: https://docs.unity3d.com/Manual/ExecutionOrder.html
UnityPhysics2DCollisionStayMessagesHandler	class	MonoBehaviour	SombraStudios.Shared.Utility.UnityMessages	Utility/UnityMessages/UnityPhysics2DCollisionStayMessagesHandler.cs	-	Documentation: https://docs.unity3d.com/Manual/ExecutionOrder.html Warning: this script can bring performance issues due to the number of...
UnityPhysics2DTriggerMessagesHandler	class	MonoBehaviour	SombraStudios.Shared.Utility.UnityMessages	Utility/UnityMessages/UnityPhysics2DTriggerMessagesHandler.cs	-	Documentation: https://docs.unity3d.com/Manual/ExecutionOrder.html
UnityPhysics2DTriggerStayMessagesHandler	class	MonoBehaviour	SombraStudios.Shared.Utility.UnityMessages	Utility/UnityMessages/UnityPhysics2DTriggerStayMessagesHandler.cs	-	Documentation: https://docs.unity3d.com/Manual/ExecutionOrder.html Warning: this script can bring performance issues due to the number of...
UnityPhysicsCollisionMessagesHandler	class	MonoBehaviour	SombraStudios.Shared.Utility.UnityMessages	Utility/UnityMessages/UnityPhysicsCollisionMessagesHandler.cs	-	Documentation: https://docs.unity3d.com/Manual/ExecutionOrder.html
UnityPhysicsCollisionStayMessagesHandler	class	MonoBehaviour	SombraStudios.Shared.Utility.UnityMessages	Utility/UnityMessages/UnityPhysicsCollisionStayMessagesHandler.cs	-	Documentation: https://docs.unity3d.com/Manual/ExecutionOrder.html Warning: this script can bring performance issues due to the number of...
UnityPhysicsMessages	enum	-	SombraStudios.Shared.Enums	Enums/UnityPhysicsMessages.cs	-	Enum representing Unity physics-related messages
UnityPhysicsTriggerMessagesHandler	class	MonoBehaviour	SombraStudios.Shared.Utility.UnityMessages	Utility/UnityMessages/UnityPhysicsTriggerMessagesHandler.cs	-	Documentation: https://docs.unity3d.com/Manual/ExecutionOrder.html
UnityPhysicsTriggerStayMessagesHandler	class	MonoBehaviour	SombraStudios.Shared.Utility.UnityMessages	Utility/UnityMessages/UnityPhysicsTriggerStayMessagesHandler.cs	-	Documentation: https://docs.unity3d.com/Manual/ExecutionOrder.html Warning: this script can bring performance issues due to the number of...
UnityPoolExample	class	BaseObjectPool	SombraStudios.Shared.Optimization	Examples/Patterns/Creational/ObjectPool/UnityPoolExample.cs	-	This example creates a game object prefab using a pool so that old objects can be reused
UnityRendererMessagesHandler	class	MonoBehaviour	SombraStudios.Shared.Utility.UnityMessages	Utility/UnityMessages/UnityRendererMessagesHandler.cs	-	Documentation: https://docs.unity3d.com/ScriptReference/MonoBehaviour.html
UnityScriptLifecycle	class	MonoBehaviour	SombraStudios.Shared.Examples	Examples/UnityScriptLifecycle.cs	-	Logs on every Unity Message event method Documentation: https://docs.unity3d.com/Manual/ExecutionOrder.html Note: this script does not co...
UnityTransformMessagesHandler	class	MonoBehaviour	SombraStudios.Shared.Utility.UnityMessages	Utility/UnityMessages/UnityTransformMessagesHandler.cs	-	Documentation: https://docs.unity3d.com/ScriptReference/MonoBehaviour.html
UnityUpdateMessages	enum	-	SombraStudios.Shared.Enums	Enums/UnityUpdateMessages.cs	-	Enum representing Unity update loop messages
UnixTimestampConverter	class	MonoBehaviour	SombraStudios.Shared.Utility	Utility/UnixTimestampConverter.cs	-	Unix Time measures time by the number of seconds that have elapsed since 00:00:00 UTC on 1 January 1970, the beginning of the Unix epoch,...
UnloadSceneByIndexStrategy	class	SceneStrategy	SombraStudios.Shared.Scenes.Strategies	Scenes/Strategies/UnloadSceneByIndexStrategy.cs	-	Destroys all GameObjects associated with the given Scene and removes the Scene from the SceneManager
UnloadSceneByPathStrategy	class	SceneStrategy	SombraStudios.Shared.Scenes.Strategies	Scenes/Strategies/UnloadSceneByPathStrategy.cs	-	Destroys all GameObjects associated with the given Scene and removes the Scene from the SceneManager
UnloadSceneStrategy	class	SceneStrategy	SombraStudios.Shared.Scenes.Strategies	Scenes/Strategies/UnloadSceneStrategy.cs	-	Destroys all GameObjects associated with the given Scene and removes the Scene from the SceneManager
UnlockableRuntimeSetSO	class	RuntimeSetSO	SombraStudios.Shared.Systems.Unlock	Systems/Unlock/UnlockableRuntimeSetSO.cs	-	-
UnlockableSO	class	SOWithId	SombraStudios.Shared.Systems.Unlock	Systems/Unlock/UnlockableSO.cs	-	Represents an unlockable object in the system
UsingLineRendererForDebugging	class	MonoBehaviour	SombraStudios.Shared.Utility	Utility/UsingLineRendererForDebugging.cs	-	Debugging class to create an up straight line over the object
Vector2EventChannelListener	class	GenericEventChannelListener	SombraStudios.Shared.Patterns.Behavioural.Observer.ScriptableObjects	Patterns/Behavioural/Observer/ScriptableObjects/Listeners/Implementations/Vector2EventChannelListener.cs	-	A listener class for Vector2 event channels
Vector2EventChannelListListener	class	GenericEventChannelListListener	SombraStudios.Shared.Patterns.Behavioural.Observer.ScriptableObjects	Patterns/Behavioural/Observer/ScriptableObjects/Listeners/Implementations/Vector2EventChannelListListener.cs	-	A listener class for Vector2 event channels
Vector2EventChannelSO	class	GenericEventChannelSO	SombraStudios.Shared.Patterns.Behavioural.Observer.ScriptableObjects	Patterns/Behavioural/Observer/ScriptableObjects/EventChannels/Vector2EventChannelSO.cs	-	ScriptableObject event channel for events with a Vector2 parameter
Vector2EventChannelSOEditor	class	GenericEventChannelSOEditor	SombraStudios.Shared.Patterns.Behavioural.Observer.ScriptableObjects.Editor	Patterns/Behavioural/Observer/ScriptableObjects/Editor/Vector2EventChannelSOEditor.cs	-	Editor script to add a custom Inspector to the Vector2EventChannelSO
Vector2Extensions	class	-	SombraStudios.Shared.Extensions	Extensions/Vector2Extensions.cs	-	Provides extension methods for the Vector2 struct
Vector3EventChannelListener	class	GenericEventChannelListener	SombraStudios.Shared.Patterns.Behavioural.Observer.ScriptableObjects	Patterns/Behavioural/Observer/ScriptableObjects/Listeners/Implementations/Vector3EventChannelListener.cs	-	A listener class for Vector3 event channels
Vector3EventChannelListListener	class	GenericEventChannelListListener	SombraStudios.Shared.Patterns.Behavioural.Observer.ScriptableObjects	Patterns/Behavioural/Observer/ScriptableObjects/Listeners/Implementations/Vector3EventChannelListListener.cs	-	A listener class for Vector3 event channels
Vector3EventChannelSO	class	GenericEventChannelSO	SombraStudios.Shared.Patterns.Behavioural.Observer.ScriptableObjects	Patterns/Behavioural/Observer/ScriptableObjects/EventChannels/Vector3EventChannelSO.cs	-	ScriptableObject event channel for events with a Vector3 parameter
Vector3EventChannelSOEditor	class	GenericEventChannelSOEditor	SombraStudios.Shared.Patterns.Behavioural.Observer.ScriptableObjects.Editor	Patterns/Behavioural/Observer/ScriptableObjects/Editor/Vector3EventChannelSOEditor.cs	-	This event channel broadcasts and carries Vector3 payload
VelocityTracker	class	MonoBehaviour	SombraStudios.Shared.Physics.VelocityTracker	Physics/VelocityTracker/VelocityTracker.cs	-	Tracks and smooths velocity over a specified duration using a sampling interval
VFXPropertySO	class	StrategySO	SombraStudios.Shared.VFX.PropertySO	VFX/PropertySO/VFXPropertySO.cs	-	Abstract base class for VFX properties that can be applied to a VFX controller
VideoRenderTextureClear	class	MonoBehaviour	SombraStudios.Shared.Video	Video/VideoRenderTextureClear.cs	-	Fix to issue: RenderTexture retaining last video player frame This happens when using the same render texture to play another video after...
VisitorSO	class	ScriptableObject	SombraStudios.Shared.Patterns.Behavioural.Visitor	Patterns/Behavioural/Visitor/VisitorSO.cs	-	Abstract base class for visitors implemented as ScriptableObjects
VisitorSO<T>	class	VisitorSO	SombraStudios.Shared.Patterns.Behavioural.Visitor	Patterns/Behavioural/Visitor/VisitorSO.cs	-	Generic abstract base class for visitors that visit specific types of visitable elements
VoiceRecognition	class	MonoBehaviour	SombraStudios.Shared.Audio	Audio/VoiceRecognition.cs	!UNITY_WEBGL	Class to detect voice recognition through a list of keywords When recognized take an action
VoidEventChannelListener	class	MonoBehaviour	SombraStudios.Shared.Patterns.Behavioural.Observer.ScriptableObjects	Patterns/Behavioural/Observer/ScriptableObjects/Listeners/VoidEventChannelListener.cs	-	MonoBehaviour-based listener for a ScriptableObject event using a Unity Event
VoidEventChannelListListener	class	MonoBehaviour	SombraStudios.Shared.Patterns.Behavioural.Observer.ScriptableObjects	Patterns/Behavioural/Observer/ScriptableObjects/Listeners/VoidEventChannelListListener.cs	-	MonoBehaviour-based listener for multiple ScriptableObject events using Unity Events
VoidEventChannelListListener.EventChannelResponsePair	class	-	SombraStudios.Shared.Patterns.Behavioural.Observer.ScriptableObjects	Patterns/Behavioural/Observer/ScriptableObjects/Listeners/VoidEventChannelListListener.cs	-	Represents a pair of EventChannel and UnityEvent response
VoidEventChannelSO	class	ScriptableObject	SombraStudios.Shared.Patterns.Behavioural.Observer.ScriptableObjects	Patterns/Behavioural/Observer/ScriptableObjects/EventChannels/VoidEventChannelSO.cs	-	ScriptableObject event used to decouple code instead of a normal class
VoidEventChannelSOEditor	class	Editor	SombraStudios.Shared.Patterns.Behavioural.Observer.ScriptableObjects.Editor	Patterns/Behavioural/Observer/ScriptableObjects/Editor/VoidEventChannelSOEditor.cs	-	Custom editor for the VoidEventChannelSO scriptable object
VoidStruct	struct	-	SombraStudios.Shared.Structs	Structs/VoidStruct.cs	-	A placeholder type for methods that do not return or receive a value
WaitSceneActionSO	class	EventActionSO	SombraStudios.Shared.Systems.Events	Systems/Events/EventActions/WaitSceneActionSO.cs	-	-
WaitTimeActionSO	class	EventActionSO	SombraStudios.Shared.Systems.Events	Systems/Events/EventActions/WaitTimeActionSO.cs	-	-
Wander	class	MonoBehaviour	SombraStudios.Shared.Gameplay.Movement2D	Gameplay/Movement2D/Wander.cs	-	Wander script using forces
WaveConfigSO	class	ScriptableObject	SombraStudios.Shared.Gameplay.Spawners	Gameplay/Spawners/Wave/WaveConfigSO.cs	-	-
WaveSpawner	class	MonoBehaviour	SombraStudios.Shared.Gameplay.Spawners	Gameplay/Spawners/Wave/WaveSpawner.cs	-	-
XRGridSocketInteractor	class	XRSocketInteractor	SombraStudios.Shared.XR.SocketInteractor	XR/SocketInteractor/XRGridSocketInteractor.cs	UNITY_XR_INTERACTION_TOOLKIT	Socket Interactor for holding a group of Interactables in a 2D grid
XRGripButton	class	XRBaseInteractable	SombraStudios.Shared.XR.Interactables	XR/Interactables/XRGripButton.cs	UNITY_XR_INTERACTION_TOOLKIT	An interactable that can be pressed by a direct interactor
XRInfiniteInteractable	class	MonoBehaviour	SombraStudios.Shared.XR	XR/XRInfiniteInteractable.cs	UNITY_XR_INTERACTION_TOOLKIT	This component makes sure that the attached Interactor always have an interactable selected
XRJoystick	class	XRBaseInteractable	SombraStudios.Shared.XR.Interactables	XR/Interactables/XRJoystick.cs	UNITY_XR_INTERACTION_TOOLKIT	An interactable joystick that can move side to side, and forward and back by a direct interactor
XRJoystick.JoystickType	enum	-	SombraStudios.Shared.XR.Interactables	XR/Interactables/XRJoystick.cs	UNITY_XR_INTERACTION_TOOLKIT	-
XRJoystick.ValueChangeEvent	class	UnityEvent	SombraStudios.Shared.XR.Interactables	XR/Interactables/XRJoystick.cs	UNITY_XR_INTERACTION_TOOLKIT	-
XRKnob	class	XRBaseInteractable	SombraStudios.Shared.XR.Interactables	XR/Interactables/XRKnob.cs	UNITY_XR_INTERACTION_TOOLKIT	An interactable knob that follows the rotation of the interactor
XRKnob.ValueChangeEvent	class	UnityEvent	SombraStudios.Shared.XR.Interactables	XR/Interactables/XRKnob.cs	UNITY_XR_INTERACTION_TOOLKIT	-
XRLever	class	XRBaseInteractable	SombraStudios.Shared.XR.Interactables	XR/Interactables/XRLever.cs	UNITY_XR_INTERACTION_TOOLKIT	An interactable lever that snaps into an on or off position by a direct interactor
XRLockGridSocketInteractor	class	XRGridSocketInteractor	SombraStudios.Shared.XR.SocketInteractor	XR/SocketInteractor/XRLockGridSocketInteractor.cs	UNITY_XR_INTERACTION_TOOLKIT	Grid Socket interactor that only selects and hovers interactables with a Keychain component containing specific keys
XRLockSocketInteractor	class	XRSocketInteractor	SombraStudios.Shared.XR.SocketInteractor	XR/SocketInteractor/XRLockSocketInteractor.cs	UNITY_XR_INTERACTION_TOOLKIT	Socket interactor that only selects and hovers interactables with a keychain component containing specific keys
XRPushButton	class	XRBaseInteractable	SombraStudios.Shared.XR.Interactables	XR/Interactables/XRPushButton.cs	UNITY_XR_INTERACTION_TOOLKIT	An interactable that can be pushed by a direct interactor's movement
XRPushButton.ValueChangeEvent	class	UnityEvent	SombraStudios.Shared.XR.Interactables	XR/Interactables/XRPushButton.cs	UNITY_XR_INTERACTION_TOOLKIT	-
XRSlider	class	XRBaseInteractable	SombraStudios.Shared.XR.Interactables	XR/Interactables/XRSlider.cs	UNITY_XR_INTERACTION_TOOLKIT	An interactable that follows the position of the interactor on a single axis
XRSlider.ValueChangeEvent	class	UnityEvent	SombraStudios.Shared.XR.Interactables	XR/Interactables/XRSlider.cs	UNITY_XR_INTERACTION_TOOLKIT	-
